name_norm,trailer_link,video_id,positive,neutral,negative,favorability,rating,genre,year,votes
harry potter and the goblet of fire,https://www.youtube.com/watch?v=3EGojp4Hh6I,3EGojp4Hh6I,87,112,51,0.6304347826086957,PG-13,Adventure,2005,566000.0
the 40yearold virgin,https://www.youtube.com/watch?v=YnDeJn-BX5Q,YnDeJn-BX5Q,40,45,18,0.6896551724137931,R,Comedy,2005,407000.0
memoirs of a geisha,https://www.youtube.com/watch?v=4L-xlmakQvc,4L-xlmakQvc,120,89,41,0.7453416149068323,PG-13,Drama,2005,141000.0
pride prejudice,https://www.youtube.com/watch?v=Ur_DIHs92NM,Ur_DIHs92NM,93,98,19,0.8303571428571429,PG,Drama,2005,269000.0
batman begins,https://www.youtube.com/watch?v=neY2xVmOfUM,neY2xVmOfUM,128,97,25,0.8366013071895425,PG-13,Action,2005,1300000.0
the descent,https://www.youtube.com/watch?v=CSYg7Z1KS_I,CSYg7Z1KS_I,90,68,92,0.4945054945054945,R,Adventure,2005,207000.0
brokeback mountain,https://www.youtube.com/watch?v=kMA30rThECg,kMA30rThECg,107,78,65,0.622093023255814,R,Drama,2005,333000.0
sin city,https://www.youtube.com/watch?v=T2Dj6ktPU5c,T2Dj6ktPU5c,111,107,32,0.7762237762237763,R,Crime,2005,745000.0
v for vendetta,https://www.youtube.com/watch?v=IHVzzxrPt1c,IHVzzxrPt1c,83,134,34,0.7094017094017094,R,Action,2005,1100000.0
wedding crashers,https://www.youtube.com/watch?v=GnD48PD84-8,GnD48PD84-8,17,21,10,0.6296296296296297,R,Comedy,2005,339000.0
war of the worlds,https://www.youtube.com/watch?v=SM6aEEjc5hA,SM6aEEjc5hA,100,82,68,0.5952380952380952,PG-13,Adventure,2005,424000.0
kingdom of heaven,https://www.youtube.com/watch?v=KartNo8EDWY,KartNo8EDWY,113,76,59,0.6569767441860465,R,Action,2005,272000.0
constantine,https://www.youtube.com/watch?v=DEa508Xmmio,DEa508Xmmio,98,118,34,0.7424242424242424,R,Action,2005,317000.0
star wars episode iii revenge of the sith,https://www.youtube.com/watch?v=qIYyXcCwvKc,qIYyXcCwvKc,96,55,56,0.631578947368421,PG-13,Action,2005,729000.0
king kong,https://www.youtube.com/watch?v=AYaTCPbYGdk,AYaTCPbYGdk,116,100,34,0.7733333333333333,PG-13,Action,2005,403000.0
the hitchhikers guide to the galaxy,https://www.youtube.com/watch?v=eLdiWe_HJv4,eLdiWe_HJv4,97,112,42,0.697841726618705,PG,Adventure,2005,190000.0
fantastic four,https://www.youtube.com/watch?v=_rRoD28-WgU,_rRoD28-WgU,103,92,55,0.6518987341772152,PG-13,Action,2005,316000.0
fantastic four,https://www.youtube.com/watch?v=_rRoD28-WgU,_rRoD28-WgU,103,92,55,0.6518987341772152,PG-13,Action,2015,156000.0
green street hooligans,https://www.youtube.com/watch?v=EAe-1Lv1KYU,EAe-1Lv1KYU,91,95,65,0.5833333333333334,R,Crime,2005,144000.0
serenity,https://www.youtube.com/watch?v=k3zMlsEK8xA,k3zMlsEK8xA,91,87,72,0.558282208588957,PG-13,Action,2005,287000.0
serenity,https://www.youtube.com/watch?v=k3zMlsEK8xA,k3zMlsEK8xA,91,87,72,0.558282208588957,R,Drama,2019,38000.0
mr mrs smith,https://www.youtube.com/watch?v=CZ0B22z22pI,CZ0B22z22pI,91,117,42,0.6842105263157895,PG-13,Action,2005,461000.0
the island,https://www.youtube.com/watch?v=_ZyNJ3cKfEg,_ZyNJ3cKfEg,105,94,51,0.6730769230769231,R,Action,1980,3900.0
the island,https://www.youtube.com/watch?v=_ZyNJ3cKfEg,_ZyNJ3cKfEg,105,94,51,0.6730769230769231,PG-13,Action,2005,304000.0
waiting,https://www.youtube.com/watch?v=xmvVbSO8LpA,xmvVbSO8LpA,23,12,7,0.7666666666666667,R,Comedy,2005,93000.0
match point,https://www.youtube.com/watch?v=wISRAOb6xm0,wISRAOb6xm0,67,50,47,0.5877192982456141,R,Drama,2005,209000.0
hostel,https://www.youtube.com/watch?v=C2Kfp3zVBKs,C2Kfp3zVBKs,41,58,43,0.4880952380952381,R,Horror,2005,172000.0
assault on precinct 13,https://www.youtube.com/watch?v=7wnAjYDVObs,7wnAjYDVObs,55,52,30,0.6470588235294118,R,Action,2005,75000.0
hard candy,https://www.youtube.com/watch?v=hvx0m2SeOSk,hvx0m2SeOSk,85,90,75,0.53125,R,Drama,2005,156000.0
the sisterhood of the traveling pants,https://www.youtube.com/watch?v=zZTe39RDERw,zZTe39RDERw,6,0,0,1.0,PG,Comedy,2005,56000.0
the longest yard,https://www.youtube.com/watch?v=biEgx-g4V_g,biEgx-g4V_g,12,11,4,0.75,PG-13,Comedy,2005,167000.0
red eye,https://www.youtube.com/watch?v=1YdzfduyXIA,1YdzfduyXIA,46,47,17,0.7301587301587301,PG-13,Thriller,2005,115000.0
house of wax,https://www.youtube.com/watch?v=ezUtqfB24Cg,ezUtqfB24Cg,104,83,64,0.6190476190476191,R,Horror,2005,118000.0
four brothers,https://www.youtube.com/watch?v=YP6s4xoufzg,YP6s4xoufzg,64,167,19,0.7710843373493976,R,Action,2005,138000.0
the dukes of hazzard,https://www.youtube.com/watch?v=lJzWkSmeMaY,lJzWkSmeMaY,93,77,33,0.7380952380952381,PG-13,Comedy,2005,76000.0
the interpreter,https://www.youtube.com/watch?v=12AsLh55gQU,12AsLh55gQU,55,46,29,0.6547619047619048,PG-13,Crime,2005,101000.0
walk the line,https://www.youtube.com/watch?v=pbQ22zWPYbw,pbQ22zWPYbw,45,31,13,0.7758620689655172,PG-13,Biography,2005,239000.0
lords of dogtown,https://www.youtube.com/watch?v=AUjR4G4yNpY,AUjR4G4yNpY,53,46,11,0.828125,PG-13,Biography,2005,53000.0
munich,https://www.youtube.com/watch?v=feIjYUEWVxk,feIjYUEWVxk,62,81,49,0.5585585585585585,R,Action,2005,216000.0
kiss kiss bang bang,https://www.youtube.com/watch?v=__PnD1HWXSo,__PnD1HWXSo,106,116,28,0.7910447761194029,R,Comedy,2005,219000.0
the constant gardener,https://www.youtube.com/watch?v=1l1lzzfpWFU,1l1lzzfpWFU,67,56,34,0.6633663366336634,R,Drama,2005,135000.0
the pacifier,https://www.youtube.com/watch?v=3H-20BCGsek,3H-20BCGsek,19,20,5,0.7916666666666666,PG,Action,2005,90000.0
a history of violence,https://www.youtube.com/watch?v=Wi-cPZWWtkY,Wi-cPZWWtkY,74,61,40,0.6491228070175439,R,Drama,2005,228000.0
the devils rejects,https://www.youtube.com/watch?v=f5sIuVd57bE,f5sIuVd57bE,1,0,1,0.5,R,Horror,2005,95000.0
hitch,https://www.youtube.com/watch?v=dMaq_pfxs-0,dMaq_pfxs-0,74,147,29,0.7184466019417476,PG-13,Comedy,2005,301000.0
mirrormask,https://www.youtube.com/watch?v=OAJOWr_HV1s,OAJOWr_HV1s,4,6,1,0.8,PG,Adventure,2005,22000.0
rent,https://www.youtube.com/watch?v=KGciEYSshrQ,KGciEYSshrQ,34,41,13,0.723404255319149,PG-13,Drama,2005,49000.0
robots,https://www.youtube.com/watch?v=5-QlB-CCozc,5-QlB-CCozc,16,12,6,0.7272727272727273,PG,Animation,2005,137000.0
jarhead,https://www.youtube.com/watch?v=-aBP-c28_1M,-aBP-c28_1M,92,95,63,0.5935483870967742,R,Action,2005,179000.0
into the blue,https://www.youtube.com/watch?v=5uMDUHdN24o,5uMDUHdN24o,32,31,11,0.7441860465116279,PG-13,Action,2005,74000.0
saw ii,https://www.youtube.com/watch?v=Lq2AzZB6DUE,Lq2AzZB6DUE,76,88,31,0.7102803738317757,R,Horror,2005,239000.0
revolver,https://www.youtube.com/watch?v=DNXtExBM-KM,DNXtExBM-KM,0,1,0,0.0,R,Action,2005,92000.0
coach carter,https://www.youtube.com/watch?v=d_GleoanbPE,d_GleoanbPE,49,42,15,0.765625,PG-13,Biography,2005,133000.0
dark water,https://www.youtube.com/watch?v=RvAOuhyunhY,RvAOuhyunhY,93,79,78,0.543859649122807,PG-13,Drama,2005,60000.0
lord of war,https://www.youtube.com/watch?v=AXgyoER0aRc,AXgyoER0aRc,88,98,64,0.5789473684210527,R,Action,2005,300000.0
zathura a space adventure,https://www.youtube.com/watch?v=zNxm_obDpNU,zNxm_obDpNU,114,102,34,0.7702702702702703,PG,Action,2005,97000.0
the quiet,https://www.youtube.com/watch?v=TxfF7YQD6nA,TxfF7YQD6nA,129,56,65,0.6649484536082474,R,Crime,2005,16000.0
the amityville horror,https://www.youtube.com/watch?v=j_Lm2PXb3tk,j_Lm2PXb3tk,58,65,40,0.5918367346938775,R,Horror,2005,107000.0
be cool,https://www.youtube.com/watch?v=VwIpQflIS4A,VwIpQflIS4A,22,14,3,0.88,PG-13,Comedy,2005,68000.0
just friends,https://www.youtube.com/watch?v=vIBBVzy5UoQ,vIBBVzy5UoQ,128,80,42,0.7529411764705882,PG-13,Comedy,2005,109000.0
yours mine ours,https://www.youtube.com/watch?v=iT4qtGkSvE4,iT4qtGkSvE4,2,6,0,1.0,PG,Comedy,2005,27000.0
cinderella man,https://www.youtube.com/watch?v=nyuri18gwdM,nyuri18gwdM,29,22,10,0.7435897435897436,PG-13,Biography,2005,179000.0
the brothers grimm,https://www.youtube.com/watch?v=ohxNxVlk2GQ,ohxNxVlk2GQ,25,29,18,0.5813953488372093,PG-13,Action,2005,118000.0
corpse bride,https://www.youtube.com/watch?v=AGACeWVdFqo,AGACeWVdFqo,105,99,46,0.695364238410596,PG,Animation,2005,251000.0
transporter 2,https://www.youtube.com/watch?v=_KFOYFBh2QM,_KFOYFBh2QM,13,15,4,0.7647058823529411,R,Action,2005,195000.0
two for the money,https://www.youtube.com/watch?v=vcsdAwqZ-WI,vcsdAwqZ-WI,32,55,9,0.7804878048780488,R,Crime,2005,44000.0
the new world,https://www.youtube.com/watch?v=i2LdlqW26zc,i2LdlqW26zc,110,100,40,0.7333333333333333,PG-13,Biography,2005,84000.0
brick,https://www.youtube.com/watch?v=4Zfw8__A7ps,4Zfw8__A7ps,129,69,53,0.7087912087912088,R,Action,2005,103000.0
wolf creek,https://www.youtube.com/watch?v=8S13W69FQhs,8S13W69FQhs,98,82,70,0.5833333333333334,R,Horror,2005,69000.0
breakfast on pluto,https://www.youtube.com/watch?v=5blVrqSKiRc,5blVrqSKiRc,69,96,20,0.7752808988764045,R,Comedy,2005,21000.0
the exorcism of emily rose,https://www.youtube.com/watch?v=Bi-PLwxwvy8,Bi-PLwxwvy8,72,96,82,0.4675324675324675,PG-13,Drama,2005,122000.0
elektra,https://www.youtube.com/watch?v=XGnADb5e0mc,XGnADb5e0mc,98,97,55,0.6405228758169934,PG-13,Action,2005,89000.0
doom,https://www.youtube.com/watch?v=RO90omga8D4,RO90omga8D4,96,96,58,0.6233766233766234,R,Action,2005,110000.0
the legend of zorro,https://www.youtube.com/watch?v=lawMFyG9Kqg,lawMFyG9Kqg,2,5,2,0.5,PG,Action,2005,95000.0
cheaper by the dozen 2,https://www.youtube.com/watch?v=F79BR4YGBUM,F79BR4YGBUM,8,3,5,0.6153846153846154,PG,Adventure,2005,56000.0
æon flux,https://www.youtube.com/watch?v=HNjyVjoDyQo,HNjyVjoDyQo,25,21,14,0.6410256410256411,PG-13,Action,2005,125000.0
son of the mask,https://www.youtube.com/watch?v=q4HyI0i1mPM,q4HyI0i1mPM,42,26,30,0.5833333333333334,PG,Comedy,2005,53000.0
the producers,https://www.youtube.com/watch?v=u36iNj52rac,u36iNj52rac,34,33,14,0.7083333333333334,PG-13,Comedy,2005,42000.0
the ringer,https://www.youtube.com/watch?v=cx8ZWK0rUWA,cx8ZWK0rUWA,12,20,8,0.6,PG-13,Comedy,2005,36000.0
the cave,https://www.youtube.com/watch?v=QP4DsyaB1eE,QP4DsyaB1eE,72,71,34,0.6792452830188679,PG-13,Action,2005,36000.0
broken flowers,https://www.youtube.com/watch?v=c_TB7MkrGyc,c_TB7MkrGyc,33,27,12,0.7333333333333333,R,Comedy,2005,100000.0
fun with dick and jane,https://www.youtube.com/watch?v=LvOv3veA13Q,LvOv3veA13Q,82,77,33,0.7130434782608696,PG-13,Comedy,2005,139000.0
imagine me you,https://www.youtube.com/watch?v=X-EEMiSmnNw,X-EEMiSmnNw,81,45,21,0.7941176470588235,R,Comedy,2005,31000.0
the family stone,https://www.youtube.com/watch?v=ps8DhuMfScQ,ps8DhuMfScQ,48,24,42,0.5333333333333333,PG-13,Comedy,2005,63000.0
just like heaven,https://www.youtube.com/watch?v=xhlSLVJfYOE,xhlSLVJfYOE,42,36,11,0.7924528301886793,PG-13,Comedy,2005,101000.0
capote,https://www.youtube.com/watch?v=1LO2nv4aEpw,1LO2nv4aEpw,21,20,7,0.75,R,Biography,2005,128000.0
the skeleton key,https://www.youtube.com/watch?v=4RlCq1Ash-4,4RlCq1Ash-4,57,26,28,0.6705882352941176,PG-13,Drama,2005,108000.0
the squid and the whale,https://www.youtube.com/watch?v=R1alHcMtnr0,R1alHcMtnr0,13,16,4,0.7647058823529411,R,Comedy,2005,80000.0
land of the dead,https://www.youtube.com/watch?v=4Wfj5Jc10ZI,4Wfj5Jc10ZI,2,1,0,1.0,R,Horror,2005,93000.0
man of the house,https://www.youtube.com/watch?v=a39EYIVPAhE,a39EYIVPAhE,26,22,1,0.9629629629629628,PG,Comedy,1995,8900.0
man of the house,https://www.youtube.com/watch?v=a39EYIVPAhE,a39EYIVPAhE,26,22,1,0.9629629629629628,PG-13,Comedy,2005,23000.0
elizabethtown,https://www.youtube.com/watch?v=tBTksmUvFHw,tBTksmUvFHw,80,59,17,0.8247422680412371,PG-13,Comedy,2005,68000.0
chicken little,https://www.youtube.com/watch?v=VUBFCaWiQ28,VUBFCaWiQ28,72,143,34,0.6792452830188679,G,Animation,2005,88000.0
monsterinlaw,https://www.youtube.com/watch?v=njLr1z66EfA,njLr1z66EfA,115,89,44,0.7232704402515723,PG-13,Comedy,2005,58000.0
domino,https://www.youtube.com/watch?v=6Of0gxSz8Vk,6Of0gxSz8Vk,105,92,53,0.6645569620253164,R,Action,2005,65000.0
the ring two,https://www.youtube.com/watch?v=j7bPtOf6-mY,j7bPtOf6-mY,23,37,18,0.5609756097560976,PG-13,Horror,2005,93000.0
harsh times,https://www.youtube.com/watch?v=L6SnhaaRdVA,L6SnhaaRdVA,5,2,1,0.8333333333333334,R,Action,2005,64000.0
herbie fully loaded,https://www.youtube.com/watch?v=zD9De1OkJ4o,zD9De1OkJ4o,30,27,8,0.7894736842105263,G,Adventure,2005,46000.0
cursed,https://www.youtube.com/watch?v=xLTdy6PfotA,xLTdy6PfotA,54,167,29,0.6506024096385542,PG-13,Comedy,2005,31000.0
xxx state of the union,https://www.youtube.com/watch?v=78GqdG56y2w,78GqdG56y2w,55,54,20,0.7333333333333333,PG-13,Action,2005,68000.0
derailed,https://www.youtube.com/watch?v=84mGKTTv5Gc,84mGKTTv5Gc,109,51,26,0.8074074074074075,R,Crime,2005,72000.0
romance cigarettes,https://www.youtube.com/watch?v=CDSQPpAAdz0,CDSQPpAAdz0,7,5,3,0.7,R,Comedy,2005,12000.0
unleashed,https://www.youtube.com/watch?v=9UKilYzrQH4,9UKilYzrQH4,78,69,21,0.7878787878787878,R,Action,2005,100000.0
hustle flow,https://www.youtube.com/watch?v=YSG8rERJA88,YSG8rERJA88,13,32,4,0.7647058823529411,R,Crime,2005,39000.0
the fog,https://www.youtube.com/watch?v=ovNTb39_viI,ovNTb39_viI,82,50,51,0.6165413533834586,R,Horror,1980,66000.0
the fog,https://www.youtube.com/watch?v=ovNTb39_viI,ovNTb39_viI,82,50,51,0.6165413533834586,PG-13,Horror,2005,35000.0
must love dogs,https://www.youtube.com/watch?v=6Yzk_TTBcmw,6Yzk_TTBcmw,0,2,0,0.0,PG-13,Comedy,2005,31000.0
the ballad of jack and rose,https://www.youtube.com/watch?v=J4NhD8BFaPg,J4NhD8BFaPg,41,31,23,0.640625,R,Drama,2005,11000.0
the great raid,https://www.youtube.com/watch?v=N51IAYnlNK0,N51IAYnlNK0,67,48,35,0.6568627450980392,R,Action,2005,21000.0
venom,https://www.youtube.com/watch?v=u9Mv98Gr5pY,u9Mv98Gr5pY,102,103,45,0.6938775510204082,R,Horror,1981,2600.0
venom,https://www.youtube.com/watch?v=u9Mv98Gr5pY,u9Mv98Gr5pY,102,103,45,0.6938775510204082,R,Horror,2005,9700.0
venom,https://www.youtube.com/watch?v=u9Mv98Gr5pY,u9Mv98Gr5pY,102,103,45,0.6938775510204082,PG-13,Action,2018,387000.0
roll bounce,https://www.youtube.com/watch?v=RNS7YVeKm6g,RNS7YVeKm6g,4,6,0,1.0,PG-13,Comedy,2005,6800.0
alone in the dark,https://www.youtube.com/watch?v=ddsa1IB9MH4,ddsa1IB9MH4,101,82,67,0.6011904761904762,R,Action,2005,42000.0
an american haunting,https://www.youtube.com/watch?v=ehMuG2ZF5k8,ehMuG2ZF5k8,8,3,7,0.5333333333333333,PG-13,Drama,2005,25000.0
supercross,https://www.youtube.com/watch?v=7z3Tjz6Hopc,7z3Tjz6Hopc,13,7,4,0.7647058823529411,PG-13,Action,2005,4400.0
oliver twist,https://www.youtube.com/watch?v=hUFblil8o2k,hUFblil8o2k,44,45,25,0.6376811594202898,PG-13,Crime,2005,32000.0
white noise,https://www.youtube.com/watch?v=SgwKZAMx_gM,SgwKZAMx_gM,74,96,80,0.4805194805194805,PG-13,Drama,2005,48000.0
are we there yet,https://www.youtube.com/watch?v=lfs5-YMR8Q8,lfs5-YMR8Q8,76,140,34,0.6909090909090909,PG,Adventure,2005,30000.0
the protector,https://www.youtube.com/watch?v=80dqOwAOhbo,80dqOwAOhbo,90,90,70,0.5625,R,Action,1985,4200.0
the protector,https://www.youtube.com/watch?v=80dqOwAOhbo,80dqOwAOhbo,90,90,70,0.5625,R,Action,2005,36000.0
proof,https://www.youtube.com/watch?v=FIbfRLQxx9g,FIbfRLQxx9g,54,92,81,0.4,R,Drama,1991,6300.0
proof,https://www.youtube.com/watch?v=FIbfRLQxx9g,FIbfRLQxx9g,54,92,81,0.4,PG-13,Drama,2005,44000.0
last days,https://www.youtube.com/watch?v=HFWnZW3esb8,HFWnZW3esb8,97,74,79,0.5511363636363636,R,Drama,2005,22000.0
racing stripes,https://www.youtube.com/watch?v=PL64Q_JM5qw,PL64Q_JM5qw,13,15,7,0.65,PG,Adventure,2005,16000.0
a sound of thunder,https://www.youtube.com/watch?v=yTmKsKhMcIg,yTmKsKhMcIg,85,54,71,0.5448717948717948,PG-13,Action,2005,19000.0
keeping mum,https://www.youtube.com/watch?v=GgVr85OeoZo,GgVr85OeoZo,20,15,7,0.7407407407407407,R,Comedy,2005,34000.0
an unfinished life,https://www.youtube.com/watch?v=A1NLVAWMEo8,A1NLVAWMEo8,34,19,7,0.8292682926829268,PG-13,Drama,2005,29000.0
boogeyman,https://www.youtube.com/watch?v=cFqCmIU0-_M,cFqCmIU0-_M,79,75,96,0.4514285714285714,PG-13,Drama,2005,30000.0
fierce people,https://www.youtube.com/watch?v=CuUFkNVmE_Y,CuUFkNVmE_Y,64,36,12,0.8421052631578947,R,Drama,2005,6600.0
me and you and everyone we know,https://www.youtube.com/watch?v=t87QILBZd_I,t87QILBZd_I,24,26,4,0.8571428571428571,R,Comedy,2005,36000.0
transamerica,https://www.youtube.com/watch?v=O9jz3uz8cqc,O9jz3uz8cqc,19,19,3,0.8636363636363636,R,Adventure,2005,41000.0
the lost city,https://www.youtube.com/watch?v=nfKO9rYDmE8,nfKO9rYDmE8,116,72,62,0.651685393258427,R,Drama,2005,9300.0
beauty shop,https://www.youtube.com/watch?v=twy94Qb5EIs,twy94Qb5EIs,14,17,3,0.8235294117647058,PG-13,Comedy,2005,17000.0
the upside of anger,https://www.youtube.com/watch?v=2ZPPZv0q02s,2ZPPZv0q02s,21,8,8,0.7241379310344828,R,Comedy,2005,21000.0
the chumscrubber,https://www.youtube.com/watch?v=kJ8u9Q81mNo,kJ8u9Q81mNo,43,13,18,0.7049180327868853,R,Comedy,2005,18000.0
the man,https://www.youtube.com/watch?v=uKryYt2bWlk,uKryYt2bWlk,37,21,13,0.74,PG-13,Action,2005,25000.0
prime,https://www.youtube.com/watch?v=Y0ZsLudtfjI,Y0ZsLudtfjI,99,102,49,0.668918918918919,PG-13,Comedy,2005,40000.0
manderlay,https://www.youtube.com/watch?v=vFk2Vy1bWHQ,vFk2Vy1bWHQ,19,27,17,0.5277777777777778,Not Rated,Drama,2005,23000.0
junebug,https://www.youtube.com/watch?v=mUj7k7Ypb60,mUj7k7Ypb60,8,5,4,0.6666666666666666,R,Comedy,2005,22000.0
dominion,https://www.youtube.com/watch?v=LpDJlEQsDoA,LpDJlEQsDoA,71,91,88,0.4465408805031446,R,Drama,2005,11000.0
battle in heaven,https://www.youtube.com/watch?v=yHy1r27c09U,yHy1r27c09U,3,3,5,0.375,Unrated,Crime,2005,6100.0
dreamer,https://www.youtube.com/watch?v=ip1M_fjL2Bo,ip1M_fjL2Bo,6,5,0,1.0,PG,Drama,2005,12000.0
black,https://www.youtube.com/watch?v=aH1FOkJys3Y,aH1FOkJys3Y,12,31,4,0.75,Not Rated,Drama,2005,34000.0
factotum,https://www.youtube.com/watch?v=yOcMSq9msSc,yOcMSq9msSc,42,19,13,0.7636363636363637,R,Comedy,2005,14000.0
beowulf grendel,https://www.youtube.com/watch?v=TGlSAtb-SDw,TGlSAtb-SDw,114,60,76,0.6,R,Action,2005,18000.0
joyeux noel,https://www.youtube.com/watch?v=KRrr-CDXijs,KRrr-CDXijs,93,61,77,0.5470588235294118,PG-13,Drama,2005,28000.0
dirty love,https://www.youtube.com/watch?v=e0-DoQE15mQ,e0-DoQE15mQ,12,5,3,0.8,R,Comedy,2005,6800.0
everything is illuminated,https://www.youtube.com/watch?v=l-hCtlNM32M,l-hCtlNM32M,74,69,28,0.7254901960784313,PG-13,Comedy,2005,57000.0
thumbsucker,https://www.youtube.com/watch?v=z_2I2D35w7k,z_2I2D35w7k,10,7,0,1.0,R,Comedy,2005,21000.0
rebound,https://www.youtube.com/watch?v=Pyt0G71LPnA,Pyt0G71LPnA,1,6,1,0.5,PG,Comedy,2005,13000.0
the departed,https://www.youtube.com/watch?v=iojhqm0JTW4,iojhqm0JTW4,121,93,37,0.7658227848101266,R,Crime,2006,1200000.0
the fast and the furious tokyo drift,https://www.youtube.com/watch?v=p8HQ2JLlc4E,p8HQ2JLlc4E,98,89,63,0.6086956521739131,PG-13,Action,2006,252000.0
talladega nights the ballad of ricky bobby,https://www.youtube.com/watch?v=YfGRg0FLxtE,YfGRg0FLxtE,32,37,12,0.7272727272727273,PG-13,Comedy,2006,172000.0
the prestige,https://www.youtube.com/watch?v=RLtaA9fFNXU,RLtaA9fFNXU,122,101,27,0.8187919463087249,PG-13,Drama,2006,1200000.0
the devil wears prada,https://www.youtube.com/watch?v=6ZOZwUQKu3E,6ZOZwUQKu3E,96,113,41,0.7007299270072993,PG-13,Comedy,2006,385000.0
casino royale,https://www.youtube.com/watch?v=36mnx8dBbGE,36mnx8dBbGE,131,70,49,0.7277777777777777,PG-13,Action,2006,594000.0
pans labyrinth,https://www.youtube.com/watch?v=E7XGNPXdlGQ,E7XGNPXdlGQ,91,94,65,0.5833333333333334,R,Drama,2006,631000.0
pirates of the caribbean dead mans chest,https://www.youtube.com/watch?v=SNA-Ezahmok,SNA-Ezahmok,24,32,13,0.6486486486486487,PG-13,Action,2006,668000.0
idiocracy,https://www.youtube.com/watch?v=6lai9QhBibk,6lai9QhBibk,71,84,45,0.6120689655172413,R,Adventure,2006,150000.0
apocalypto,https://www.youtube.com/watch?v=ngWBddVNVZs,ngWBddVNVZs,123,93,34,0.7834394904458599,R,Action,2006,297000.0
shes the man,https://www.youtube.com/watch?v=jf67WlthWXk,jf67WlthWXk,113,107,30,0.7902097902097902,PG-13,Comedy,2006,149000.0
little children,https://www.youtube.com/watch?v=bezyl7ZDp44,bezyl7ZDp44,64,38,16,0.8,R,Drama,2006,107000.0
children of men,https://www.youtube.com/watch?v=2VT2apoX90o,2VT2apoX90o,101,98,52,0.6601307189542484,R,Adventure,2006,474000.0
the da vinci code,https://www.youtube.com/watch?v=5sU9MT8829k,5sU9MT8829k,99,118,33,0.75,PG-13,Mystery,2006,410000.0
the pursuit of happyness,https://www.youtube.com/watch?v=DMOBlEcRuw8,DMOBlEcRuw8,111,112,27,0.8043478260869565,PG-13,Biography,2006,465000.0
little miss sunshine,https://www.youtube.com/watch?v=bQ7BZTMLImA,bQ7BZTMLImA,52,42,14,0.7878787878787878,R,Comedy,2006,450000.0
the last king of scotland,https://www.youtube.com/watch?v=R_W7PC6NnN4,R_W7PC6NnN4,40,41,24,0.625,R,Biography,2006,179000.0
blood diamond,https://www.youtube.com/watch?v=yknIZsvQjG4,yknIZsvQjG4,112,91,47,0.7044025157232704,R,Adventure,2006,511000.0
the lives of others,https://www.youtube.com/watch?v=n3_iLOp6IhM,n3_iLOp6IhM,112,98,40,0.7368421052631579,R,Drama,2006,368000.0
marie antoinette,https://www.youtube.com/watch?v=yBWyKRoh98U,yBWyKRoh98U,96,101,53,0.6442953020134228,PG-13,Biography,2006,104000.0
inside man,https://www.youtube.com/watch?v=FSH-dbbiroI,FSH-dbbiroI,45,199,6,0.8823529411764706,R,Crime,2006,350000.0
running scared,https://www.youtube.com/watch?v=Qt2AyS-Zinw,Qt2AyS-Zinw,39,19,9,0.8125,R,Action,1986,12000.0
running scared,https://www.youtube.com/watch?v=Qt2AyS-Zinw,Qt2AyS-Zinw,39,19,9,0.8125,R,Action,2006,98000.0
accepted,https://www.youtube.com/watch?v=5nrCh2we0Gw,5nrCh2we0Gw,104,107,40,0.7222222222222222,PG-13,Comedy,2006,127000.0
superman returns,https://www.youtube.com/watch?v=bRqAUqAFhNw,bRqAUqAFhNw,126,83,41,0.7544910179640718,PG-13,Action,2006,274000.0
slither,https://www.youtube.com/watch?v=SI0BcgVdSWg,SI0BcgVdSWg,66,104,53,0.5546218487394958,R,Comedy,2006,76000.0
nacho libre,https://www.youtube.com/watch?v=5Atg2aASyY4,5Atg2aASyY4,39,33,6,0.8666666666666667,PG,Comedy,2006,83000.0
the covenant,https://www.youtube.com/watch?v=02PPMPArNEQ,02PPMPArNEQ,139,66,45,0.7554347826086957,PG-13,Action,2006,48000.0
the hills have eyes,https://www.youtube.com/watch?v=CUQd9OB75dw,CUQd9OB75dw,76,111,63,0.5467625899280576,R,Horror,2006,162000.0
the fountain,https://www.youtube.com/watch?v=m8IlyFCbNZg,m8IlyFCbNZg,117,91,42,0.7358490566037735,PG-13,Drama,2006,232000.0
xmen the last stand,https://www.youtube.com/watch?v=ZQ0v5dXbw7M,ZQ0v5dXbw7M,64,62,32,0.6666666666666666,PG-13,Action,2006,491000.0
underworld evolution,https://www.youtube.com/watch?v=cCtm8L4PQt8,cCtm8L4PQt8,29,23,7,0.8055555555555556,R,Action,2006,193000.0
click,https://www.youtube.com/watch?v=zZNC5emNyEQ,zZNC5emNyEQ,102,89,59,0.6335403726708074,PG-13,Comedy,2006,313000.0
the holiday,https://www.youtube.com/watch?v=wk9caHO3pW0,wk9caHO3pW0,99,108,43,0.6971830985915493,PG-13,Comedy,2006,258000.0
silent hill,https://www.youtube.com/watch?v=1mfnhu8sO5k,1mfnhu8sO5k,87,87,76,0.5337423312883436,R,Horror,2006,217000.0
basic instinct 2,https://www.youtube.com/watch?v=uoVl7cncNg4,uoVl7cncNg4,33,43,28,0.5409836065573771,R,Drama,2006,38000.0
the black dahlia,https://www.youtube.com/watch?v=SypNihAnaz0,SypNihAnaz0,3,6,5,0.375,R,Crime,2006,72000.0
perfume the story of a murderer,https://www.youtube.com/watch?v=_-qv0EnGhJU,_-qv0EnGhJU,120,99,31,0.7947019867549668,R,Crime,2006,239000.0
lucky number slevin,https://www.youtube.com/watch?v=mGQmSCQrKKQ,mGQmSCQrKKQ,73,37,17,0.8111111111111111,R,Crime,2006,303000.0
smokin aces,https://www.youtube.com/watch?v=ohhxbsp8Mss,ohhxbsp8Mss,100,118,33,0.7518796992481203,R,Action,2006,140000.0
cashback,https://www.youtube.com/watch?v=siXe9XC723s,siXe9XC723s,128,92,30,0.810126582278481,R,Comedy,2006,84000.0
deja vu,https://www.youtube.com/watch?v=uxdS8TP37I4,uxdS8TP37I4,98,111,41,0.7050359712230215,PG-13,Action,2006,298000.0
grandmas boy,https://www.youtube.com/watch?v=vsEuOw3ihbs,vsEuOw3ihbs,128,85,37,0.7757575757575758,R,Comedy,2006,79000.0
rv,https://www.youtube.com/watch?v=Woes2BeUj-A,Woes2BeUj-A,40,34,8,0.8333333333333334,PG,Adventure,2006,57000.0
tenacious d in the pick of destiny,https://www.youtube.com/watch?v=2tvKDAW6Flk,2tvKDAW6Flk,12,6,7,0.631578947368421,R,Adventure,2006,104000.0
black book,https://www.youtube.com/watch?v=6PPH4SOm9gk,6PPH4SOm9gk,118,78,54,0.686046511627907,R,Drama,2006,74000.0
stick it,https://www.youtube.com/watch?v=lDExqBXKw4k,lDExqBXKw4k,148,79,23,0.8654970760233918,PG-13,Comedy,2006,27000.0
step up,https://www.youtube.com/watch?v=ZgnmCqA25-o,ZgnmCqA25-o,121,96,32,0.7908496732026143,PG-13,Crime,2006,113000.0
step up,https://www.youtube.com/watch?v=ZgnmCqA25-o,ZgnmCqA25-o,121,96,32,0.7908496732026143,PG-13,Drama,2010,56000.0
the host,https://www.youtube.com/watch?v=SRKjf8b4f2E,SRKjf8b4f2E,132,82,36,0.7857142857142857,R,Action,2006,112000.0
the host,https://www.youtube.com/watch?v=SRKjf8b4f2E,SRKjf8b4f2E,132,82,36,0.7857142857142857,PG-13,Action,2013,112000.0
stranger than fiction,https://www.youtube.com/watch?v=0iqZD-oTE7U,0iqZD-oTE7U,111,119,20,0.8473282442748091,PG-13,Comedy,2006,222000.0
eragon,https://www.youtube.com/watch?v=dZRHO0d9Nao,dZRHO0d9Nao,113,64,73,0.6075268817204301,PG,Action,2006,123000.0
dreamgirls,https://www.youtube.com/watch?v=DTgGuFOh2M0,DTgGuFOh2M0,26,18,4,0.8666666666666667,PG-13,Drama,2006,71000.0
a good year,https://www.youtube.com/watch?v=bKKrLj5ZHiM,bKKrLj5ZHiM,63,39,9,0.875,PG-13,Comedy,2006,91000.0
miami vice,https://www.youtube.com/watch?v=6WCKJ7KaIZY,6WCKJ7KaIZY,118,83,49,0.7065868263473054,R,Action,2006,112000.0
bug,https://www.youtube.com/watch?v=vs1ubiodlNI,vs1ubiodlNI,25,18,23,0.5208333333333334,R,Drama,2006,34000.0
notes on a scandal,https://www.youtube.com/watch?v=AruRpjQquQQ,AruRpjQquQQ,130,81,39,0.7692307692307693,R,Crime,2006,76000.0
firewall,https://www.youtube.com/watch?v=woUpceEF120,woUpceEF120,0,1,0,0.0,PG-13,Action,2006,57000.0
madeas family reunion,https://www.youtube.com/watch?v=j9QFi7TB6Ag,j9QFi7TB6Ag,3,15,0,1.0,PG-13,Comedy,2006,11000.0
the foot fist way,https://www.youtube.com/watch?v=9xyeguPUnqg,9xyeguPUnqg,1,0,0,1.0,R,Comedy,2006,12000.0
the astronaut farmer,https://www.youtube.com/watch?v=vQqcl6ogcDU,vQqcl6ogcDU,11,13,8,0.5789473684210527,PG,Adventure,2006,22000.0
minis first time,https://www.youtube.com/watch?v=y10Pt1tWoGw,y10Pt1tWoGw,26,15,5,0.8387096774193549,R,Comedy,2006,8100.0
lonely hearts,https://www.youtube.com/watch?v=8noz13zrf08,8noz13zrf08,12,9,2,0.8571428571428571,R,Comedy,1982,336.0
lonely hearts,https://www.youtube.com/watch?v=8noz13zrf08,8noz13zrf08,12,9,2,0.8571428571428571,R,Biography,2006,20000.0
a guide to recognizing your saints,https://www.youtube.com/watch?v=fg3XG44eprI,fg3XG44eprI,2,4,1,0.6666666666666666,R,Crime,2006,25000.0
everyones hero,https://www.youtube.com/watch?v=FB4rJ0qn250,FB4rJ0qn250,51,61,38,0.5730337078651685,G,Animation,2006,8300.0
severance,https://www.youtube.com/watch?v=xEQP4VVuyrY,xEQP4VVuyrY,31,23,16,0.6595744680851063,R,Comedy,2006,37000.0
kabhi alvida naa kehna,https://www.youtube.com/watch?v=h9fIHRGZKM0,h9fIHRGZKM0,143,71,36,0.7988826815642458,Not Rated,Drama,2006,19000.0
old joy,https://www.youtube.com/watch?v=2bf8GqDcx0M,2bf8GqDcx0M,4,5,2,0.6666666666666666,Unrated,Drama,2006,7000.0
the grudge 2,https://www.youtube.com/watch?v=GwcQYZkpZ-w,GwcQYZkpZ-w,80,96,74,0.5194805194805194,PG-13,Horror,2006,48000.0
for your consideration,https://www.youtube.com/watch?v=QYlsn7C24hQ,QYlsn7C24hQ,11,7,1,0.9166666666666666,PG-13,Comedy,2006,14000.0
the sentinel,https://www.youtube.com/watch?v=ThPzG25NS28,ThPzG25NS28,6,5,4,0.6,PG-13,Action,2006,49000.0
the breed,https://www.youtube.com/watch?v=HbkEvvHKNqc,HbkEvvHKNqc,16,13,7,0.6956521739130435,R,Action,2006,13000.0
skinwalkers,https://www.youtube.com/watch?v=e4aNhGO1iHM,e4aNhGO1iHM,3,8,3,0.5,R,Action,2006,13000.0
hoot,https://www.youtube.com/watch?v=HgT_xT587MY,HgT_xT587MY,108,110,33,0.7659574468085106,PG,Adventure,2006,8000.0
there will be blood,https://www.youtube.com/watch?v=0FIm5ATyAY0,0FIm5ATyAY0,85,82,35,0.7083333333333334,R,Drama,2007,535000.0
no country for old men,https://www.youtube.com/watch?v=38A__WT3-o0,38A__WT3-o0,110,73,67,0.6214689265536724,R,Crime,2007,886000.0
stardust,https://www.youtube.com/watch?v=-wwv427DAvA,-wwv427DAvA,92,90,20,0.8214285714285714,PG-13,Adventure,2007,260000.0
gone baby gone,https://www.youtube.com/watch?v=Wzh4Q88sthY,Wzh4Q88sthY,36,21,13,0.7346938775510204,R,Crime,2007,258000.0
disturbia,https://www.youtube.com/watch?v=gZWjvseFptg,gZWjvseFptg,112,101,37,0.7516778523489933,PG-13,Crime,2007,226000.0
zodiac,https://www.youtube.com/watch?v=yNncHPl1UXg,yNncHPl1UXg,90,99,61,0.5960264900662252,R,Crime,2007,486000.0
superbad,https://www.youtube.com/watch?v=LvKvus3vCEY,LvKvus3vCEY,94,101,21,0.8173913043478261,R,Comedy,2007,535000.0
transformers,https://www.youtube.com/watch?v=itnqEauWQZM,itnqEauWQZM,54,141,56,0.4909090909090909,PG-13,Action,2007,607000.0
harry potter and the order of the phoenix,https://www.youtube.com/watch?v=y6ZW7KXaXYk,y6ZW7KXaXYk,107,98,45,0.7039473684210527,PG-13,Action,2007,527000.0
into the wild,https://www.youtube.com/watch?v=XZG1FzyB8DI,XZG1FzyB8DI,120,73,57,0.6779661016949152,R,Adventure,2007,588000.0
atonement,https://www.youtube.com/watch?v=zRlkHu-R7yI,zRlkHu-R7yI,96,70,84,0.5333333333333333,R,Drama,2007,259000.0
american gangster,https://www.youtube.com/watch?v=BV_nssS6Zkg,BV_nssS6Zkg,114,108,28,0.8028169014084507,R,Biography,2007,401000.0
spiderman 3,https://www.youtube.com/watch?v=e5wUilOeOmg,e5wUilOeOmg,98,117,35,0.7368421052631579,PG-13,Action,2007,513000.0
live free or die hard,https://www.youtube.com/watch?v=8Jz-8UcCiws,8Jz-8UcCiws,100,44,76,0.5681818181818182,PG-13,Action,2007,394000.0
hot fuzz,https://www.youtube.com/watch?v=L6PKkxn7pq0,L6PKkxn7pq0,14,21,3,0.8235294117647058,R,Action,2007,476000.0
i am legend,https://www.youtube.com/watch?v=dtKMEAXyPkg,dtKMEAXyPkg,80,121,49,0.6201550387596899,PG-13,Action,2007,704000.0
sunshine,https://www.youtube.com/watch?v=h9CgwOifQzo,h9CgwOifQzo,20,41,13,0.6060606060606061,R,Drama,1999,13000.0
sunshine,https://www.youtube.com/watch?v=h9CgwOifQzo,h9CgwOifQzo,20,41,13,0.6060606060606061,R,Sci-Fi,2007,238000.0
juno,https://www.youtube.com/watch?v=K0SKf0K3bxg,K0SKf0K3bxg,92,97,61,0.6013071895424836,PG-13,Comedy,2007,499000.0
28 weeks later,https://www.youtube.com/watch?v=ljqY7qrnycw,ljqY7qrnycw,33,38,35,0.4852941176470588,R,Horror,2007,263000.0
hitman,https://www.youtube.com/watch?v=alQlJDRnQkE,alQlJDRnQkE,105,103,42,0.7142857142857143,R,Action,2007,163000.0
the mist,https://www.youtube.com/watch?v=LhCKXJNGzN8,LhCKXJNGzN8,73,63,114,0.3903743315508021,R,Horror,2007,287000.0
hairspray,https://www.youtube.com/watch?v=SUoG7mqCixI,SUoG7mqCixI,126,90,34,0.7875,PG,Comedy,1988,20000.0
hairspray,https://www.youtube.com/watch?v=SUoG7mqCixI,SUoG7mqCixI,126,90,34,0.7875,PG,Comedy,2007,122000.0
knocked up,https://www.youtube.com/watch?v=cv01Mcdf8rI,cv01Mcdf8rI,112,97,41,0.7320261437908496,R,Comedy,2007,356000.0
sweeney todd the demon barber of fleet street,https://www.youtube.com/watch?v=acHBq_oZm-8,acHBq_oZm-8,116,93,41,0.7388535031847133,R,Drama,2007,350000.0
ghost rider,https://www.youtube.com/watch?v=nu6R7ypaz5g,nu6R7ypaz5g,74,116,61,0.5481481481481482,PG-13,Action,2007,227000.0
hot rod,https://www.youtube.com/watch?v=yByhd7FAOug,yByhd7FAOug,52,48,11,0.8253968253968254,PG-13,Comedy,2007,80000.0
the darjeeling limited,https://www.youtube.com/watch?v=aO1bYukdvLI,aO1bYukdvLI,126,96,29,0.8129032258064516,R,Adventure,2007,186000.0
bridge to terabithia,https://www.youtube.com/watch?v=T2TDSEG57hI,T2TDSEG57hI,81,77,93,0.4655172413793103,PG,Drama,2007,147000.0
the nanny diaries,https://www.youtube.com/watch?v=Fwb8euJ-Evk,Fwb8euJ-Evk,114,102,34,0.7702702702702703,PG-13,Comedy,2007,57000.0
funny games,https://www.youtube.com/watch?v=Ec-70W_K77U,Ec-70W_K77U,80,71,99,0.4469273743016759,R,Crime,2007,93000.0
halloween,https://www.youtube.com/watch?v=ek1ePFp-nBI,ek1ePFp-nBI,100,81,69,0.591715976331361,R,Horror,2007,111000.0
halloween,https://www.youtube.com/watch?v=ek1ePFp-nBI,ek1ePFp-nBI,100,81,69,0.591715976331361,R,Crime,2018,126000.0
eastern promises,https://www.youtube.com/watch?v=ifilHp3_dWQ,ifilHp3_dWQ,27,21,6,0.8181818181818182,R,Action,2007,232000.0
the bourne ultimatum,https://www.youtube.com/watch?v=ZT2ZxjUjSo0,ZT2ZxjUjSo0,65,57,31,0.6770833333333334,PG-13,Action,2007,612000.0
fracture,https://www.youtube.com/watch?v=UG1Lxnn8Qa8,UG1Lxnn8Qa8,26,12,8,0.7647058823529411,R,Crime,2007,192000.0
beowulf,https://www.youtube.com/watch?v=DLukQJO5SH8,DLukQJO5SH8,37,44,13,0.74,PG-13,Animation,2007,163000.0
next,https://www.youtube.com/watch?v=pRH5u5lpArQ,pRH5u5lpArQ,123,72,55,0.6910112359550562,PG-13,Action,2007,152000.0
310 to yuma,https://www.youtube.com/watch?v=jX1m45CwvJ8,jX1m45CwvJ8,114,84,52,0.6867469879518072,R,Action,2007,295000.0
across the universe,https://www.youtube.com/watch?v=spf7RULGNOU,spf7RULGNOU,100,104,46,0.684931506849315,PG-13,Drama,2007,107000.0
oceans thirteen,https://www.youtube.com/watch?v=so9Eh-Guci8,so9Eh-Guci8,24,31,11,0.6857142857142857,PG-13,Crime,2007,328000.0
blades of glory,https://www.youtube.com/watch?v=UrZb-dZKCIQ,UrZb-dZKCIQ,24,33,11,0.6857142857142857,PG-13,Comedy,2007,161000.0
surfs up,https://www.youtube.com/watch?v=OSVJudaQt2c,OSVJudaQt2c,25,20,3,0.8928571428571429,PG,Animation,2007,72000.0
resident evil extinction,https://www.youtube.com/watch?v=eDMjVARsCOk,eDMjVARsCOk,52,53,27,0.6582278481012658,R,Action,2007,187000.0
30 days of night,https://www.youtube.com/watch?v=8ClVrVK_y0E,8ClVrVK_y0E,63,62,37,0.63,R,Action,2007,168000.0
awake,https://www.youtube.com/watch?v=2fuowcxdrYc,2fuowcxdrYc,75,88,87,0.4629629629629629,R,Crime,2007,73000.0
dead silence,https://www.youtube.com/watch?v=8b_HVtHmK30,8b_HVtHmK30,72,98,80,0.4736842105263157,R,Horror,2007,89000.0
bee movie,https://www.youtube.com/watch?v=VONRQMx78YI,VONRQMx78YI,101,122,27,0.7890625,PG,Animation,2007,148000.0
the heartbreak kid,https://www.youtube.com/watch?v=8mAnjJdE5vQ,8mAnjJdE5vQ,16,16,6,0.7272727272727273,R,Comedy,2007,88000.0
aliens vs predator requiem,https://www.youtube.com/watch?v=oqLM_21tqyc,oqLM_21tqyc,20,23,13,0.6060606060606061,R,Action,2007,118000.0
1408,https://www.youtube.com/watch?v=WIASqPZqnhs,WIASqPZqnhs,94,96,60,0.6103896103896104,PG-13,Fantasy,2007,260000.0
the kingdom,https://www.youtube.com/watch?v=T7xGu-SnWUk,T7xGu-SnWUk,76,66,38,0.6666666666666666,R,Action,2007,121000.0
good luck chuck,https://www.youtube.com/watch?v=Mfd-BbBsGM4,Mfd-BbBsGM4,78,72,40,0.6610169491525424,R,Comedy,2007,87000.0
hostel part ii,https://www.youtube.com/watch?v=7oG7ktw806Y,7oG7ktw806Y,21,30,20,0.5121951219512195,R,Horror,2007,87000.0
the golden compass,https://www.youtube.com/watch?v=LHYoOGfBObU,LHYoOGfBObU,114,87,33,0.7755102040816326,PG-13,Adventure,2007,182000.0
rush hour 3,https://www.youtube.com/watch?v=FRDRWXfQyJE,FRDRWXfQyJE,59,80,34,0.6344086021505376,PG-13,Action,2007,157000.0
the babysitters,https://www.youtube.com/watch?v=h4YtGf1sMBs,h4YtGf1sMBs,12,8,5,0.7058823529411765,R,Drama,2007,11000.0
timecrimes,https://www.youtube.com/watch?v=3XuWoe9NSic,3XuWoe9NSic,98,89,57,0.632258064516129,R,Horror,2007,60000.0
meet the robinsons,https://www.youtube.com/watch?v=S396-fnLldk,S396-fnLldk,100,115,36,0.7352941176470589,G,Animation,2007,91000.0
michael clayton,https://www.youtube.com/watch?v=5kJRYBhG43Q,5kJRYBhG43Q,77,39,24,0.7623762376237624,R,Crime,2007,159000.0
the bucket list,https://www.youtube.com/watch?v=vc3mkG21ob4,vc3mkG21ob4,137,66,47,0.7445652173913043,PG-13,Adventure,2007,235000.0
lust caution,https://www.youtube.com/watch?v=CizN-DvGhrc,CizN-DvGhrc,129,74,47,0.7329545454545454,NC-17,Drama,2007,38000.0
charlie wilsons war,https://www.youtube.com/watch?v=G1mnSjjeC2o,G1mnSjjeC2o,66,80,78,0.4583333333333333,R,Biography,2007,113000.0
paranormal activity,https://www.youtube.com/watch?v=F_UxLEqd074,F_UxLEqd074,80,86,84,0.4878048780487805,R,Horror,2007,225000.0
freedom writers,https://www.youtube.com/watch?v=miz1V13QWsU,miz1V13QWsU,110,99,41,0.7284768211920529,PG-13,Biography,2007,72000.0
before the devil knows youre dead,https://www.youtube.com/watch?v=kiE8t8xbCog,kiE8t8xbCog,8,0,2,0.8,R,Crime,2007,99000.0
in the valley of elah,https://www.youtube.com/watch?v=OCBr3dk6kBc,OCBr3dk6kBc,6,6,6,0.5,R,Crime,2007,70000.0
ps i love you,https://www.youtube.com/watch?v=CZzW6_hR068,CZzW6_hR068,106,89,55,0.6583850931677019,PG-13,Comedy,2007,203000.0
national treasure book of secrets,https://www.youtube.com/watch?v=lq6MlrkFHG0,lq6MlrkFHG0,17,15,3,0.85,PG,Action,2007,223000.0
lars and the real girl,https://www.youtube.com/watch?v=XNcs9DrKYRU,XNcs9DrKYRU,108,103,39,0.7346938775510204,PG-13,Comedy,2007,141000.0
the orphanage,https://www.youtube.com/watch?v=UkuKtS-N1rM,UkuKtS-N1rM,105,81,61,0.6325301204819277,R,Drama,2007,150000.0
hannibal rising,https://www.youtube.com/watch?v=J7AVgWT_zy0,J7AVgWT_zy0,124,56,70,0.6391752577319587,R,Action,2007,106000.0
saw iv,https://www.youtube.com/watch?v=hQ7JF5JZkoo,hQ7JF5JZkoo,11,18,9,0.55,R,Crime,2007,144000.0
premonition,https://www.youtube.com/watch?v=qwqCTjl6IJI,qwqCTjl6IJI,80,94,76,0.5128205128205128,PG-13,Drama,2007,74000.0
the simpsons movie,https://www.youtube.com/watch?v=XPG0MqIcby8,XPG0MqIcby8,88,138,25,0.7787610619469026,PG-13,Animation,2007,314000.0
teeth,https://www.youtube.com/watch?v=yH8yuld4DUE,yH8yuld4DUE,85,98,67,0.5592105263157895,R,Action,2007,42000.0
death at a funeral,https://www.youtube.com/watch?v=LkbR3nQqcrk,LkbR3nQqcrk,133,73,44,0.751412429378531,R,Comedy,2007,111000.0
death at a funeral,https://www.youtube.com/watch?v=LkbR3nQqcrk,LkbR3nQqcrk,133,73,44,0.751412429378531,R,Comedy,2010,48000.0
wild hogs,https://www.youtube.com/watch?v=zSvwmgWCJ2s,zSvwmgWCJ2s,7,4,0,1.0,PG-13,Action,2007,115000.0
mr brooks,https://www.youtube.com/watch?v=hXfbVIFc6t4,hXfbVIFc6t4,126,76,48,0.7241379310344828,R,Crime,2007,146000.0
mr beans holiday,https://www.youtube.com/watch?v=LZfIzJ6XwPQ,LZfIzJ6XwPQ,13,38,5,0.7222222222222222,G,Comedy,2007,119000.0
burn after reading,https://www.youtube.com/watch?v=SVCHSiRWjJM,SVCHSiRWjJM,141,79,31,0.8197674418604651,R,Comedy,2008,317000.0
forgetting sarah marshall,https://www.youtube.com/watch?v=K4xD8ZMdJms,K4xD8ZMdJms,79,84,33,0.7053571428571429,R,Comedy,2008,271000.0
seven pounds,https://www.youtube.com/watch?v=zdMpeO5G4OQ,zdMpeO5G4OQ,97,78,33,0.7461538461538462,PG-13,Drama,2008,291000.0
in bruges,https://www.youtube.com/watch?v=96harmMOyiY,96harmMOyiY,23,20,10,0.696969696969697,R,Comedy,2008,398000.0
sex and the city,https://www.youtube.com/watch?v=g9Mx2OLnoGI,g9Mx2OLnoGI,91,120,34,0.728,R,Comedy,2008,117000.0
slumdog millionaire,https://www.youtube.com/watch?v=AIzbwV7on6Q,AIzbwV7on6Q,121,92,37,0.7658227848101266,R,Drama,2008,812000.0
rocknrolla,https://www.youtube.com/watch?v=TdpR8VuvbCM,TdpR8VuvbCM,85,80,29,0.7456140350877193,R,Action,2008,241000.0
gran torino,https://www.youtube.com/watch?v=RMhbr2XQblk,RMhbr2XQblk,112,92,46,0.7088607594936709,R,Drama,2008,734000.0
the duchess,https://www.youtube.com/watch?v=111EyWUrYZM,111EyWUrYZM,71,52,26,0.7319587628865979,PG-13,Biography,2008,80000.0
the reader,https://www.youtube.com/watch?v=4_NSEZm8sIo,4_NSEZm8sIo,17,8,8,0.68,R,Drama,2008,234000.0
the hurt locker,https://www.youtube.com/watch?v=AIbFvqFYRT4,AIbFvqFYRT4,111,82,57,0.6607142857142857,R,Drama,2008,430000.0
rambo,https://www.youtube.com/watch?v=2CRjdwRYQbU,2CRjdwRYQbU,112,97,41,0.7320261437908496,R,Action,2008,222000.0
the happening,https://www.youtube.com/watch?v=1I9ZQVK8gV8,1I9ZQVK8gV8,90,96,64,0.5844155844155844,R,Drama,2008,199000.0
the wrestler,https://www.youtube.com/watch?v=61-GFxjTyV0,61-GFxjTyV0,132,62,56,0.7021276595744681,R,Drama,2008,294000.0
cloverfield,https://www.youtube.com/watch?v=_afPFLvh2qg,_afPFLvh2qg,107,89,54,0.6645962732919255,PG-13,Action,2008,379000.0
changeling,https://www.youtube.com/watch?v=i3jjAm2dBeo,i3jjAm2dBeo,10,12,7,0.5882352941176471,R,Biography,2008,244000.0
eagle eye,https://www.youtube.com/watch?v=_wkqo_Rd3_Q,_wkqo_Rd3_Q,107,86,57,0.6524390243902439,PG-13,Action,2008,180000.0
the ruins,https://www.youtube.com/watch?v=x3JKmTK70Mc,x3JKmTK70Mc,64,85,56,0.5333333333333333,R,Adventure,2008,72000.0
the other boleyn girl,https://www.youtube.com/watch?v=NX0LoorqtRM,NX0LoorqtRM,97,99,54,0.6423841059602649,PG-13,Biography,2008,107000.0
21,https://www.youtube.com/watch?v=oqkdB7It5Go,oqkdB7It5Go,29,39,9,0.7631578947368421,PG-13,Crime,2008,235000.0
never back down,https://www.youtube.com/watch?v=2tc-RPjZRm8,2tc-RPjZRm8,115,92,43,0.7278481012658228,PG-13,Action,2008,98000.0
the mummy tomb of the dragon emperor,https://www.youtube.com/watch?v=ol-U0ibnVD4,ol-U0ibnVD4,97,72,81,0.5449438202247191,PG-13,Action,2008,154000.0
hancock,https://www.youtube.com/watch?v=6iFcGNOWnA8,6iFcGNOWnA8,30,33,9,0.7692307692307693,PG-13,Action,2008,454000.0
journey to the center of the earth,https://www.youtube.com/watch?v=iJkspWwwZLM,iJkspWwwZLM,107,122,21,0.8359375,PG,Action,2008,116000.0
bolt,https://www.youtube.com/watch?v=Pj0a7GkMH3w,Pj0a7GkMH3w,53,68,14,0.7910447761194029,PG,Animation,2008,196000.0
sex drive,https://www.youtube.com/watch?v=2xOUCZH14Is,2xOUCZH14Is,128,90,32,0.8,R,Comedy,2008,85000.0
death race,https://www.youtube.com/watch?v=C8bxcJZrus0,C8bxcJZrus0,105,94,52,0.6687898089171974,R,Action,2008,201000.0
pineapple express,https://www.youtube.com/watch?v=BWZt4v6b1hI,BWZt4v6b1hI,102,114,34,0.75,R,Action,2008,322000.0
valkyrie,https://www.youtube.com/watch?v=-YppIQUiE9Y,-YppIQUiE9Y,92,129,29,0.7603305785123967,PG-13,Drama,2008,233000.0
27 dresses,https://www.youtube.com/watch?v=J9DzAjOe7sY,J9DzAjOe7sY,51,63,24,0.68,PG-13,Comedy,2008,157000.0
let the right one in,https://www.youtube.com/watch?v=ICp4g9p_rgo,ICp4g9p_rgo,121,79,50,0.7076023391812866,R,Crime,2008,208000.0
role models,https://www.youtube.com/watch?v=7RChtV9AH4M,7RChtV9AH4M,34,47,11,0.7555555555555555,R,Comedy,2008,223000.0
defiance,https://www.youtube.com/watch?v=yw6Rwum7zcU,yw6Rwum7zcU,104,81,65,0.6153846153846154,R,Action,2008,141000.0
definitely maybe,https://www.youtube.com/watch?v=0oK4VOUmOkc,0oK4VOUmOkc,125,107,18,0.8741258741258742,PG-13,Comedy,2008,159000.0
the forbidden kingdom,https://www.youtube.com/watch?v=2o9rv1SN1HY,2o9rv1SN1HY,60,43,35,0.631578947368421,PG-13,Action,2008,103000.0
bronson,https://www.youtube.com/watch?v=paa9knyJKrs,paa9knyJKrs,93,103,54,0.6326530612244898,R,Action,2008,123000.0
australia,https://www.youtube.com/watch?v=mfI4hK9I2k0,mfI4hK9I2k0,94,75,36,0.7230769230769231,PG-13,Adventure,2008,121000.0
yes man,https://www.youtube.com/watch?v=dDh1l3qVNoY,dDh1l3qVNoY,84,39,28,0.75,PG-13,Comedy,2008,343000.0
body of lies,https://www.youtube.com/watch?v=bxQW8NGNb60,bxQW8NGNb60,63,39,18,0.7777777777777778,R,Action,2008,218000.0
disaster movie,https://www.youtube.com/watch?v=tihG_2BSUqg,tihG_2BSUqg,71,74,105,0.4034090909090909,PG-13,Comedy,2008,88000.0
superhero movie,https://www.youtube.com/watch?v=bDeRyQchao8,bDeRyQchao8,28,28,12,0.7,PG-13,Action,2008,65000.0
jumper,https://www.youtube.com/watch?v=DtacNQkFHvo,DtacNQkFHvo,8,53,17,0.32,PG-13,Action,2008,292000.0
the bank job,https://www.youtube.com/watch?v=c417t_pXz-w,c417t_pXz-w,46,38,11,0.8070175438596491,R,Crime,2008,176000.0
street kings,https://www.youtube.com/watch?v=jdHjrd4P9Rs,jdHjrd4P9Rs,108,89,53,0.6708074534161491,R,Action,2008,109000.0
get smart,https://www.youtube.com/watch?v=K9WNBO3szgQ,K9WNBO3szgQ,93,94,63,0.5961538461538461,PG-13,Action,2008,208000.0
punisher war zone,https://www.youtube.com/watch?v=liABMxEvPAc,liABMxEvPAc,108,59,83,0.5654450261780105,R,Action,2008,61000.0
you dont mess with the zohan,https://www.youtube.com/watch?v=ucmnTmYpGhI,ucmnTmYpGhI,86,111,53,0.6187050359712231,PG-13,Comedy,2008,194000.0
hellboy ii the golden army,https://www.youtube.com/watch?v=GZEdzk4F7N8,GZEdzk4F7N8,1,1,1,0.5,PG-13,Action,2008,260000.0
synecdoche new york,https://www.youtube.com/watch?v=i2q8F0yRmrs,i2q8F0yRmrs,37,37,22,0.6271186440677966,R,Drama,2008,86000.0
marley me,https://www.youtube.com/watch?v=0UMMGNxg1Lg,0UMMGNxg1Lg,91,99,60,0.6026490066225165,PG,Comedy,2008,150000.0
fools gold,https://www.youtube.com/watch?v=EElmapouc0c,EElmapouc0c,45,46,10,0.8181818181818182,PG-13,Action,2008,76000.0
the secret life of bees,https://www.youtube.com/watch?v=pVCil2oSNYY,pVCil2oSNYY,152,59,39,0.7958115183246073,PG-13,Drama,2008,25000.0
nick and norahs infinite playlist,https://www.youtube.com/watch?v=2ApNfaukwVo,2ApNfaukwVo,12,4,3,0.8,PG-13,Comedy,2008,90000.0
doomsday,https://www.youtube.com/watch?v=mJMjiCxHLdg,mJMjiCxHLdg,81,88,81,0.5,R,Action,2008,75000.0
max payne,https://www.youtube.com/watch?v=GklHaGfncJI,GklHaGfncJI,107,68,75,0.5879120879120879,PG-13,Action,2008,123000.0
the day the earth stood still,https://www.youtube.com/watch?v=abTYs6s1pdI,abTYs6s1pdI,17,15,13,0.5666666666666667,PG-13,Drama,2008,165000.0
the spirit,https://www.youtube.com/watch?v=egvFBZFi0vY,egvFBZFi0vY,91,76,83,0.5229885057471264,PG-13,Action,2008,60000.0
ghost town,https://www.youtube.com/watch?v=yyWFwKnm21Y,yyWFwKnm21Y,8,15,4,0.6666666666666666,PG-13,Comedy,2008,71000.0
bottle shock,https://www.youtube.com/watch?v=gYOvh1gE6I4,gYOvh1gE6I4,12,5,1,0.9230769230769232,PG-13,Comedy,2008,16000.0
the rocker,https://www.youtube.com/watch?v=VZhmvFCk6rE,VZhmvFCk6rE,72,48,19,0.7912087912087912,PG-13,Comedy,2008,37000.0
semipro,https://www.youtube.com/watch?v=QdoODXShjss,QdoODXShjss,0,2,0,0.0,R,Comedy,2008,80000.0
repo the genetic opera,https://www.youtube.com/watch?v=MzgpU25C6fg,MzgpU25C6fg,126,69,54,0.7,R,Horror,2008,24000.0
outlander,https://www.youtube.com/watch?v=PFFKjptRr7Y,PFFKjptRr7Y,130,75,46,0.7386363636363636,R,Action,2008,73000.0
saw v,https://www.youtube.com/watch?v=1Xg2hhuYukE,1Xg2hhuYukE,7,8,0,1.0,R,Crime,2008,118000.0
miss pettigrew lives for a day,https://www.youtube.com/watch?v=9UsfT_NJdiA,9UsfT_NJdiA,2,2,1,0.6666666666666666,PG-13,Comedy,2008,27000.0
hunger,https://www.youtube.com/watch?v=h61PbLOmyY0,h61PbLOmyY0,121,70,59,0.6722222222222223,Not Rated,Biography,2008,68000.0
the women,https://www.youtube.com/watch?v=RlxwcwESDkQ,RlxwcwESDkQ,113,55,64,0.6384180790960452,PG-13,Comedy,2008,21000.0
choke,https://www.youtube.com/watch?v=KY3D-htXKFE,KY3D-htXKFE,76,123,51,0.5984251968503937,R,Comedy,2008,32000.0
doubt,https://www.youtube.com/watch?v=f8S0ANEp4vc,f8S0ANEp4vc,36,32,20,0.6428571428571429,PG-13,Drama,2008,124000.0
10000 bc,https://www.youtube.com/watch?v=GMO8PC94egI,GMO8PC94egI,11,25,9,0.55,PG-13,Action,2008,127000.0
the midnight meat train,https://www.youtube.com/watch?v=wtUiRfMy_uI,wtUiRfMy_uI,43,33,26,0.6231884057971014,R,Horror,2008,61000.0
drillbit taylor,https://www.youtube.com/watch?v=Y21ElFK5YKw,Y21ElFK5YKw,5,6,2,0.7142857142857143,PG-13,Action,2008,59000.0
made of honor,https://www.youtube.com/watch?v=XFQN3biQ4x8,XFQN3biQ4x8,90,73,12,0.8823529411764706,PG-13,Comedy,2008,69000.0
what happens in vegas,https://www.youtube.com/watch?v=NLdkkpMrZIY,NLdkkpMrZIY,28,83,18,0.6086956521739131,PG-13,Comedy,2008,168000.0
the brothers bloom,https://www.youtube.com/watch?v=d99KKdw-bXw,d99KKdw-bXw,0,1,1,0.0,PG-13,Action,2008,49000.0
inkheart,https://www.youtube.com/watch?v=6wKm5vU6SSU,6wKm5vU6SSU,123,74,53,0.6988636363636364,PG,Adventure,2008,75000.0
appaloosa,https://www.youtube.com/watch?v=PDGbtFx5rLg,PDGbtFx5rLg,2,7,2,0.5,R,Action,2008,59000.0
vantage point,https://www.youtube.com/watch?v=vDp-08uNH0Y,vDp-08uNH0Y,92,112,46,0.6666666666666666,PG-13,Action,2008,146000.0
untraceable,https://www.youtube.com/watch?v=oIqnESZW0qc,oIqnESZW0qc,78,89,83,0.484472049689441,R,Crime,2008,48000.0
red cliff,https://www.youtube.com/watch?v=pd0bqLQrtdE,pd0bqLQrtdE,104,103,43,0.7074829931972789,R,Action,2008,44000.0
sunshine cleaning,https://www.youtube.com/watch?v=Wf5S-1tJlg0,Wf5S-1tJlg0,109,35,20,0.8449612403100775,R,Comedy,2008,70000.0
how to lose friends alienate people,https://www.youtube.com/watch?v=l7jHYIEvwOE,l7jHYIEvwOE,58,32,20,0.7435897435897436,R,Biography,2008,68000.0
transporter 3,https://www.youtube.com/watch?v=Pbh3CDBNIQA,Pbh3CDBNIQA,102,111,37,0.7338129496402878,PG-13,Action,2008,160000.0
prom night,https://www.youtube.com/watch?v=ayvHRgYNvzU,ayvHRgYNvzU,56,52,45,0.5544554455445545,R,Horror,1980,16000.0
prom night,https://www.youtube.com/watch?v=ayvHRgYNvzU,ayvHRgYNvzU,56,52,45,0.5544554455445545,PG-13,Horror,2008,35000.0
rachel getting married,https://www.youtube.com/watch?v=1wDDgSwEo1s,1wDDgSwEo1s,97,63,38,0.7185185185185186,R,Drama,2008,48000.0
righteous kill,https://www.youtube.com/watch?v=1kRShW-XMRs,1kRShW-XMRs,24,18,25,0.4897959183673469,R,Crime,2008,86000.0
leatherheads,https://www.youtube.com/watch?v=gRRGj8Kmxi0,gRRGj8Kmxi0,17,27,6,0.7391304347826086,PG-13,Comedy,2008,32000.0
meet the spartans,https://www.youtube.com/watch?v=RY-zJtYYolo,RY-zJtYYolo,99,67,84,0.5409836065573771,PG-13,Comedy,2008,103000.0
star wars the clone wars,https://www.youtube.com/watch?v=ZLW2jkd6E7g,ZLW2jkd6E7g,105,84,62,0.6287425149700598,PG,Animation,2008,61000.0
mirrors,https://www.youtube.com/watch?v=O92QxxgeCO8,O92QxxgeCO8,69,107,74,0.4825174825174825,R,Horror,2008,104000.0
baby mama,https://www.youtube.com/watch?v=GOlHAEajMi4,GOlHAEajMi4,42,37,15,0.7368421052631579,PG-13,Comedy,2008,43000.0
whip it,https://www.youtube.com/watch?v=RQGPdXnb2Gg,RQGPdXnb2Gg,126,84,40,0.7590361445783133,PG-13,Drama,2009,65000.0
couples retreat,https://www.youtube.com/watch?v=CzHoDZx0Qnw,CzHoDZx0Qnw,39,34,5,0.8863636363636364,PG-13,Comedy,2009,104000.0
ondine,https://www.youtube.com/watch?v=rs8DiJaLhlY,rs8DiJaLhlY,15,8,1,0.9375,PG-13,Drama,2009,20000.0
drag me to hell,https://www.youtube.com/watch?v=PPOaxHqoYxo,PPOaxHqoYxo,0,2,1,0.0,PG-13,Horror,2009,192000.0
the girl with the dragon tattoo,https://www.youtube.com/watch?v=DqQe3OrsMKI,DqQe3OrsMKI,133,70,47,0.7388888888888889,R,Crime,2009,211000.0
the girl with the dragon tattoo,https://www.youtube.com/watch?v=DqQe3OrsMKI,DqQe3OrsMKI,133,70,47,0.7388888888888889,R,Crime,2011,435000.0
the girl with the dragon tattoo,https://www.youtube.com/watch?v=DqQe3OrsMKI,DqQe3OrsMKI,133,70,47,0.7388888888888889,R,Crime,2009,211000.0
the girl with the dragon tattoo,https://www.youtube.com/watch?v=DqQe3OrsMKI,DqQe3OrsMKI,133,70,47,0.7388888888888889,R,Crime,2011,435000.0
extract,https://www.youtube.com/watch?v=L6P3nI6VnlY,L6P3nI6VnlY,89,105,56,0.6137931034482759,R,Comedy,2009,46000.0
the men who stare at goats,https://www.youtube.com/watch?v=GC2TzspJn5A,GC2TzspJn5A,102,92,57,0.6415094339622641,R,Comedy,2009,129000.0
land of the lost,https://www.youtube.com/watch?v=uBPEr0csKCY,uBPEr0csKCY,45,42,24,0.6521739130434783,PG-13,Action,2009,68000.0
a single man,https://www.youtube.com/watch?v=Ell2a6o_6lY,Ell2a6o_6lY,81,52,23,0.7788461538461539,R,Drama,2009,108000.0
now later,https://www.youtube.com/watch?v=gBj3QJvBDTM,gBj3QJvBDTM,15,10,1,0.9375,Unrated,Drama,2009,1600.0
pirate radio,https://www.youtube.com/watch?v=hRh1-cyWfGQ,hRh1-cyWfGQ,45,26,15,0.75,R,Comedy,2009,108000.0
dragonball evolution,https://www.youtube.com/watch?v=gFzLMGKtY04,gFzLMGKtY04,109,76,65,0.6264367816091954,PG,Action,2009,71000.0
spread,https://www.youtube.com/watch?v=hEDYyX-pafM,hEDYyX-pafM,4,7,1,0.8,R,Comedy,2009,39000.0
case 39,https://www.youtube.com/watch?v=Cd9t9yHK7Mw,Cd9t9yHK7Mw,101,88,61,0.6234567901234568,R,Horror,2009,81000.0
the taking of pelham 123,https://www.youtube.com/watch?v=U2ke0QhSfoA,U2ke0QhSfoA,11,7,3,0.7857142857142857,R,Action,2009,189000.0
its complicated,https://www.youtube.com/watch?v=FtbsGSzTOyI,FtbsGSzTOyI,60,22,8,0.8823529411764706,R,Comedy,2009,88000.0
halloween ii,https://www.youtube.com/watch?v=W34hF0rsj94,W34hF0rsj94,33,26,25,0.5689655172413793,R,Horror,1981,77000.0
halloween ii,https://www.youtube.com/watch?v=W34hF0rsj94,W34hF0rsj94,33,26,25,0.5689655172413793,R,Horror,2009,50000.0
chloe,https://www.youtube.com/watch?v=yXaj_O_U0LA,yXaj_O_U0LA,79,49,43,0.6475409836065574,R,Drama,2009,71000.0
agora,https://www.youtube.com/watch?v=uOXKF1mb9Hc,uOXKF1mb9Hc,76,79,95,0.4444444444444444,R,Adventure,2009,67000.0
the joneses,https://www.youtube.com/watch?v=n2Y3GoN2PGw,n2Y3GoN2PGw,113,85,52,0.6848484848484848,R,Comedy,2009,39000.0
daybreakers,https://www.youtube.com/watch?v=IGrpoxBlCNo,IGrpoxBlCNo,114,82,54,0.6785714285714286,R,Action,2009,124000.0
an education,https://www.youtube.com/watch?v=eRbp-dd1QvM,eRbp-dd1QvM,135,71,32,0.8083832335329342,PG-13,Drama,2009,131000.0
crazy heart,https://www.youtube.com/watch?v=Y0349E7kFEM,Y0349E7kFEM,126,74,50,0.7159090909090909,R,Drama,2009,86000.0
crank high voltage,https://www.youtube.com/watch?v=t2koYVqwzT4,t2koYVqwzT4,89,108,53,0.6267605633802817,R,Action,2009,143000.0
the international,https://www.youtube.com/watch?v=lglMx3_kKcc,lglMx3_kKcc,41,32,15,0.7321428571428571,R,Action,2009,93000.0
the uninvited,https://www.youtube.com/watch?v=QWhTye_i_WE,QWhTye_i_WE,11,18,8,0.5789473684210527,PG-13,Drama,2009,78000.0
my bloody valentine,https://www.youtube.com/watch?v=afxUFef1fNY,afxUFef1fNY,11,20,6,0.6470588235294118,R,Horror,1981,19000.0
my bloody valentine,https://www.youtube.com/watch?v=afxUFef1fNY,afxUFef1fNY,11,20,6,0.6470588235294118,R,Horror,2009,55000.0
julie julia,https://www.youtube.com/watch?v=ozRK7VXQl-k,ozRK7VXQl-k,129,78,43,0.75,PG-13,Biography,2009,111000.0
confessions of a shopaholic,https://www.youtube.com/watch?v=d-jE5WJ7J28,d-jE5WJ7J28,67,54,22,0.7528089887640449,PG,Comedy,2009,76000.0
race to witch mountain,https://www.youtube.com/watch?v=SX2PWpcJlrY,SX2PWpcJlrY,91,71,27,0.7711864406779662,PG,Action,2009,57000.0
9,https://www.youtube.com/watch?v=_qApXdc1WPY,_qApXdc1WPY,94,114,42,0.6911764705882353,PG-13,Animation,2009,135000.0
the young victoria,https://www.youtube.com/watch?v=7uKX_9r3X1g,7uKX_9r3X1g,2,4,2,0.5,PG,Biography,2009,59000.0
splice,https://www.youtube.com/watch?v=VDCt5QK8WiM,VDCt5QK8WiM,13,26,11,0.5416666666666666,R,Drama,2009,95000.0
a prophet,https://www.youtube.com/watch?v=l69ARbQt-Ko,l69ARbQt-Ko,108,68,43,0.7152317880794702,R,Crime,2009,95000.0
my sisters keeper,https://www.youtube.com/watch?v=KGEDVTiI6E4,KGEDVTiI6E4,15,8,11,0.5769230769230769,PG-13,Drama,2009,91000.0
bride wars,https://www.youtube.com/watch?v=KBDE4uznmIw,KBDE4uznmIw,59,58,26,0.6941176470588235,PG,Comedy,2009,102000.0
surrogates,https://www.youtube.com/watch?v=jX71XvnMDys,jX71XvnMDys,72,29,16,0.8181818181818182,PG-13,Action,2009,171000.0
valhalla rising,https://www.youtube.com/watch?v=dQgoGccHJD4,dQgoGccHJD4,110,72,68,0.6179775280898876,Not Rated,Action,2009,57000.0
funny people,https://www.youtube.com/watch?v=kzciY15Q3BA,kzciY15Q3BA,113,87,50,0.6932515337423313,R,Comedy,2009,116000.0
saw vi,https://www.youtube.com/watch?v=XKxcf50t1xE,XKxcf50t1xE,101,79,70,0.5906432748538012,R,Horror,2009,105000.0
fish tank,https://www.youtube.com/watch?v=_u6pg8fuSB4,_u6pg8fuSB4,92,79,54,0.6301369863013698,Not Rated,Drama,2009,60000.0
push,https://www.youtube.com/watch?v=Pl3KNqCEtQ4,Pl3KNqCEtQ4,102,116,32,0.7611940298507462,PG-13,Action,2009,107000.0
afterlife,https://www.youtube.com/watch?v=C_F8lpJXUTA,C_F8lpJXUTA,100,55,95,0.5128205128205128,R,Drama,2009,37000.0
nine,https://www.youtube.com/watch?v=cSAmAP_yWpY,cSAmAP_yWpY,36,34,18,0.6666666666666666,PG-13,Drama,2009,43000.0
obsessed,https://www.youtube.com/watch?v=bXk6H17Ecjw,bXk6H17Ecjw,102,74,74,0.5795454545454546,PG-13,Drama,2009,31000.0
paul blart mall cop,https://www.youtube.com/watch?v=dfzmYp60I7w,dfzmYp60I7w,77,99,31,0.7129629629629629,PG,Action,2009,105000.0
the box,https://www.youtube.com/watch?v=nSOjMkoBYYA,nSOjMkoBYYA,75,122,53,0.5859375,PG-13,Drama,2009,90000.0
everybodys fine,https://www.youtube.com/watch?v=FnJdK1EcmEY,FnJdK1EcmEY,70,39,31,0.693069306930693,PG-13,Drama,1990,3700.0
everybodys fine,https://www.youtube.com/watch?v=FnJdK1EcmEY,FnJdK1EcmEY,70,39,31,0.693069306930693,PG-13,Adventure,2009,60000.0
i love you beth cooper,https://www.youtube.com/watch?v=-2iBfm1x7vU,-2iBfm1x7vU,0,1,0,0.0,PG-13,Comedy,2009,34000.0
the unborn,https://www.youtube.com/watch?v=H_yYzY-E3Cc,H_yYzY-E3Cc,85,98,67,0.5592105263157895,R,Drama,1991,1100.0
the unborn,https://www.youtube.com/watch?v=H_yYzY-E3Cc,H_yYzY-E3Cc,85,98,67,0.5592105263157895,PG-13,Drama,2009,50000.0
thirst,https://www.youtube.com/watch?v=FSIxWtVTF6I,FSIxWtVTF6I,2,9,14,0.125,R,Drama,2009,44000.0
notorious,https://www.youtube.com/watch?v=kDDv6pAbN_U,kDDv6pAbN_U,90,102,59,0.6040268456375839,R,Biography,2009,42000.0
serious moonlight,https://www.youtube.com/watch?v=bOhI6UCWbDo,bOhI6UCWbDo,15,9,1,0.9375,R,Comedy,2009,8000.0
all about steve,https://www.youtube.com/watch?v=mtJfr-a_oHQ,mtJfr-a_oHQ,109,89,52,0.6770186335403726,PG-13,Comedy,2009,40000.0
old dogs,https://www.youtube.com/watch?v=RhY8AP806tU,RhY8AP806tU,154,60,36,0.8105263157894737,PG,Comedy,2009,37000.0
nowhere boy,https://www.youtube.com/watch?v=iC7jREW6cv8,iC7jREW6cv8,26,46,18,0.5909090909090909,R,Biography,2009,36000.0
the girlfriend experience,https://www.youtube.com/watch?v=A2F4Drc15fM,A2F4Drc15fM,106,97,47,0.6928104575163399,R,Drama,2009,16000.0
the girl who played with fire,https://www.youtube.com/watch?v=oSsodK7KFXQ,oSsodK7KFXQ,28,26,14,0.6666666666666666,R,Action,2009,92000.0
ghosts of girlfriends past,https://www.youtube.com/watch?v=HqlxWZNeWNk,HqlxWZNeWNk,67,69,22,0.7528089887640449,PG-13,Comedy,2009,86000.0
the haunting in connecticut,https://www.youtube.com/watch?v=MRJA3lN0xCQ,MRJA3lN0xCQ,79,91,80,0.4968553459119497,PG-13,Drama,2009,60000.0
i love you phillip morris,https://www.youtube.com/watch?v=01dljIcgiMw,01dljIcgiMw,131,76,43,0.7528735632183908,R,Biography,2009,93000.0
bad lieutenant port of call new orleans,https://www.youtube.com/watch?v=9OblPKObX6Q,9OblPKObX6Q,50,41,46,0.5208333333333334,R,Crime,2009,75000.0
black dynamite,https://www.youtube.com/watch?v=96Y24a0cyCE,96Y24a0cyCE,115,102,33,0.777027027027027,R,Action,2009,47000.0
brooklyns finest,https://www.youtube.com/watch?v=HUMC8rh6uuE,HUMC8rh6uuE,110,75,65,0.6285714285714286,R,Action,2009,62000.0
in the loop,https://www.youtube.com/watch?v=dQrqMkCuHqA,dQrqMkCuHqA,123,64,63,0.6612903225806451,Not Rated,Comedy,2009,56000.0
the boondock saints ii all saints day,https://www.youtube.com/watch?v=h93ezXUz_iU,h93ezXUz_iU,61,69,44,0.580952380952381,R,Action,2009,62000.0
whatever works,https://www.youtube.com/watch?v=7VeTEP3xoXo,7VeTEP3xoXo,71,45,17,0.8068181818181818,PG-13,Comedy,2009,72000.0
alvin and the chipmunks the squeakquel,https://www.youtube.com/watch?v=P0URhQ2iHbA,P0URhQ2iHbA,6,25,2,0.75,PG,Animation,2009,45000.0
12 rounds,https://www.youtube.com/watch?v=2NvznP_gp_A,2NvznP_gp_A,46,35,18,0.71875,PG-13,Action,2009,28000.0
survival of the dead,https://www.youtube.com/watch?v=aFqUbY-pWqQ,aFqUbY-pWqQ,31,23,31,0.5,R,Comedy,2009,21000.0
fame,https://www.youtube.com/watch?v=fZpBoyh9mds,fZpBoyh9mds,32,22,13,0.7111111111111111,R,Drama,1980,21000.0
fame,https://www.youtube.com/watch?v=fZpBoyh9mds,fZpBoyh9mds,32,22,13,0.7111111111111111,PG,Comedy,2009,16000.0
i am love,https://www.youtube.com/watch?v=0NjA8CIDvZ8,0NjA8CIDvZ8,58,41,12,0.8285714285714286,R,Drama,2009,21000.0
the house of the devil,https://www.youtube.com/watch?v=oM3NAtGR2qc,oM3NAtGR2qc,60,40,42,0.5882352941176471,R,Horror,2009,42000.0
astro boy,https://www.youtube.com/watch?v=1AhqOHom9BY,1AhqOHom9BY,81,128,41,0.6639344262295082,PG,Animation,2009,34000.0
carriers,https://www.youtube.com/watch?v=qByFXk_XKRs,qByFXk_XKRs,67,104,80,0.4557823129251701,PG-13,Adventure,2009,45000.0
my life in ruins,https://www.youtube.com/watch?v=AkRMBRxC_Gk,AkRMBRxC_Gk,163,49,38,0.8109452736318408,PG-13,Comedy,2009,19000.0
gforce,https://www.youtube.com/watch?v=VAMUfDvAQeo,VAMUfDvAQeo,1,3,8,0.1111111111111111,PG,Animation,2009,44000.0
did you hear about the morgans,https://www.youtube.com/watch?v=i4E05P-Hwt4,i4E05P-Hwt4,25,8,10,0.7142857142857143,PG-13,Comedy,2009,39000.0
away we go,https://www.youtube.com/watch?v=v_MOfQEwJW8,v_MOfQEwJW8,27,18,6,0.8181818181818182,R,Adventure,2009,52000.0
love happens,https://www.youtube.com/watch?v=XInj3WyRerI,XInj3WyRerI,43,13,7,0.86,PG-13,Drama,2009,32000.0
the girl who kicked the hornets nest,https://www.youtube.com/watch?v=vVGbPFdU96A,vVGbPFdU96A,118,73,59,0.6666666666666666,R,Crime,2009,69000.0
youth in revolt,https://www.youtube.com/watch?v=1gBnVf130uU,1gBnVf130uU,131,86,33,0.7987804878048781,R,Comedy,2009,73000.0
observe and report,https://www.youtube.com/watch?v=e5OFlhCAwpc,e5OFlhCAwpc,4,4,0,1.0,R,Comedy,2009,61000.0
bright star,https://www.youtube.com/watch?v=X0nx5Iu6KQo,X0nx5Iu6KQo,37,30,16,0.6981132075471698,PG,Biography,2009,26000.0
harry brown,https://www.youtube.com/watch?v=OVOSfHFNlcI,OVOSfHFNlcI,93,67,90,0.5081967213114754,R,Action,2009,85000.0
duplicity,https://www.youtube.com/watch?v=CBVqI2P2L4A,CBVqI2P2L4A,14,20,16,0.4666666666666667,PG-13,Comedy,2009,49000.0
the pink panther 2,https://www.youtube.com/watch?v=chT5M41wdGA,chT5M41wdGA,25,49,17,0.5952380952380952,PG,Action,2009,43000.0
the informant,https://www.youtube.com/watch?v=3SooBX1-kIQ,3SooBX1-kIQ,7,12,3,0.7,R,Biography,2009,64000.0
the answer man,https://www.youtube.com/watch?v=HNmq7tPxkPg,HNmq7tPxkPg,53,25,18,0.7464788732394366,R,Comedy,2009,6500.0
planet 51,https://www.youtube.com/watch?v=_4LSg8s5XF4,_4LSg8s5XF4,63,148,39,0.6176470588235294,PG,Animation,2009,52000.0
crossing over,https://www.youtube.com/watch?v=J3vAjpip1Ns,J3vAjpip1Ns,4,1,5,0.4444444444444444,R,Crime,2009,23000.0
madea goes to jail,https://www.youtube.com/watch?v=61AeW3d3fWo,61AeW3d3fWo,79,89,44,0.6422764227642277,PG-13,Comedy,2009,12000.0
a christmas carol,https://www.youtube.com/watch?v=VZ3lr3urgDU,VZ3lr3urgDU,147,60,43,0.7736842105263158,PG,Animation,2009,106000.0
sin nombre,https://www.youtube.com/watch?v=Fvbqwx3e_bQ,Fvbqwx3e_bQ,79,85,46,0.632,R,Adventure,2009,32000.0
city island,https://www.youtube.com/watch?v=nkilMXjv0YE,nkilMXjv0YE,4,3,0,1.0,PG-13,Comedy,2009,31000.0
coco before chanel,https://www.youtube.com/watch?v=isEnyrd2Moc,isEnyrd2Moc,73,57,35,0.6759259259259259,PG-13,Biography,2009,39000.0
summer wars,https://www.youtube.com/watch?v=2BB5V6CgDOg,2BB5V6CgDOg,19,9,9,0.6785714285714286,PG,Animation,2009,27000.0
the messenger,https://www.youtube.com/watch?v=qnm885kLggY,qnm885kLggY,17,12,15,0.53125,R,Drama,2009,34000.0
the soloist,https://www.youtube.com/watch?v=z1YHoyCxdVQ,z1YHoyCxdVQ,11,6,1,0.9166666666666666,PG-13,Biography,2009,52000.0
worlds greatest dad,https://www.youtube.com/watch?v=VBzZvAzAMvY,VBzZvAzAMvY,34,27,20,0.6296296296296297,R,Comedy,2009,38000.0
whiteout,https://www.youtube.com/watch?v=dwvjoWmqwR0,dwvjoWmqwR0,10,12,5,0.6666666666666666,R,Action,2009,38000.0
paper man,https://www.youtube.com/watch?v=1MAZ93VGmMw,1MAZ93VGmMw,4,8,2,0.6666666666666666,R,Comedy,2009,19000.0
let me in,https://www.youtube.com/watch?v=x3guLR8aBpU,x3guLR8aBpU,122,94,35,0.7770700636942676,R,Drama,2010,115000.0
four lions,https://www.youtube.com/watch?v=Ew-SrlQ9tlI,Ew-SrlQ9tlI,88,95,67,0.567741935483871,R,Comedy,2010,74000.0
macgruber,https://www.youtube.com/watch?v=PKYrghKwu2E,PKYrghKwu2E,38,23,18,0.6785714285714286,R,Action,2010,43000.0
little white lies,https://www.youtube.com/watch?v=WyCtRXWz4Cs,WyCtRXWz4Cs,45,20,10,0.8181818181818182,Not Rated,Comedy,2010,24000.0
charlie st cloud,https://www.youtube.com/watch?v=KyplZ7b7UfY,KyplZ7b7UfY,84,71,57,0.5957446808510638,PG-13,Drama,2010,60000.0
vanishing on 7th street,https://www.youtube.com/watch?v=K5cgvEUWQ6w,K5cgvEUWQ6w,45,46,43,0.5113636363636364,R,Horror,2010,25000.0
barneys version,https://www.youtube.com/watch?v=Eo-0k5rkUeo,Eo-0k5rkUeo,4,0,0,1.0,R,Comedy,2010,24000.0
the conspirator,https://www.youtube.com/watch?v=CmoESMxbIIY,CmoESMxbIIY,34,32,26,0.5666666666666667,PG-13,Crime,2010,28000.0
furry vengeance,https://www.youtube.com/watch?v=FQAx4_So3UE,FQAx4_So3UE,99,98,39,0.717391304347826,PG,Comedy,2010,16000.0
the tempest,https://www.youtube.com/watch?v=4ge2Jtbt8Go,4ge2Jtbt8Go,41,21,22,0.6507936507936508,PG-13,Comedy,2010,7500.0
henrys crime,https://www.youtube.com/watch?v=6OkJht5KB-I,6OkJht5KB-I,4,1,0,1.0,R,Comedy,2010,19000.0
extraordinary measures,https://www.youtube.com/watch?v=cmnMdwYAhTY,cmnMdwYAhTY,24,29,9,0.7272727272727273,PG,Drama,2010,16000.0
yogi bear,https://www.youtube.com/watch?v=9iyYTz0Bh0Y,9iyYTz0Bh0Y,35,42,10,0.7777777777777778,PG,Animation,2010,21000.0
my soul to take,https://www.youtube.com/watch?v=RmByUgdi6wE,RmByUgdi6wE,132,57,61,0.6839378238341969,R,Horror,2010,20000.0
elle sappelait sarah,https://www.youtube.com/watch?v=UPWuyrRWTDI,UPWuyrRWTDI,0,2,2,0.0,PG-13,Drama,2010,17000.0
the warriors way,https://www.youtube.com/watch?v=c7SCyiliB38,c7SCyiliB38,90,92,68,0.569620253164557,R,Action,2010,26000.0
the trip,https://www.youtube.com/watch?v=LC5MwTuEeeg,LC5MwTuEeeg,164,51,35,0.8241206030150754,Not Rated,Comedy,2010,22000.0
hesher,https://www.youtube.com/watch?v=jkKjafEIebw,jkKjafEIebw,100,89,48,0.6756756756756757,R,Drama,2010,51000.0
for colored girls,https://www.youtube.com/watch?v=LNdIMakUhVQ,LNdIMakUhVQ,105,57,81,0.5645161290322581,R,Drama,2010,7300.0
the perfect host,https://www.youtube.com/watch?v=MVe62FZMYAE,MVe62FZMYAE,17,13,0,1.0,R,Comedy,2010,26000.0
love ranch,https://www.youtube.com/watch?v=Or9cEl60BLo,Or9cEl60BLo,22,14,11,0.6666666666666666,R,Biography,2010,3000.0
love crime,https://www.youtube.com/watch?v=hB_O_knyd_A,hB_O_knyd_A,9,7,5,0.6428571428571429,Not Rated,Crime,2010,5200.0
passion play,https://www.youtube.com/watch?v=T5pYbPytAKM,T5pYbPytAKM,105,72,73,0.5898876404494382,R,Drama,2010,7400.0
kaboom,https://www.youtube.com/watch?v=DUMKPzQsas8,DUMKPzQsas8,10,5,2,0.8333333333333334,Not Rated,Comedy,2010,13000.0
everything must go,https://www.youtube.com/watch?v=W78aehJKyB0,W78aehJKyB0,58,115,21,0.7341772151898734,R,Drama,2010,49000.0
captain america the first avenger,https://www.youtube.com/watch?v=JerVrbLldXw,JerVrbLldXw,80,141,29,0.7339449541284404,PG-13,Action,2011,769000.0
thor,https://www.youtube.com/watch?v=JOddp-nlNvQ,JOddp-nlNvQ,124,102,24,0.8378378378378378,PG-13,Action,2011,772000.0
take shelter,https://www.youtube.com/watch?v=hUraDx3oFVg,hUraDx3oFVg,118,60,73,0.6178010471204188,R,Drama,2011,95000.0
bridesmaids,https://www.youtube.com/watch?v=FNppLrmdyug,FNppLrmdyug,126,75,50,0.7159090909090909,R,Comedy,2011,276000.0
fast five,https://www.youtube.com/watch?v=vcn2GOuZCKI,vcn2GOuZCKI,106,90,54,0.6625,PG-13,Action,2011,362000.0
midnight in paris,https://www.youtube.com/watch?v=FAfR8omt-CY,FAfR8omt-CY,120,92,38,0.759493670886076,PG-13,Comedy,2011,398000.0
moneyball,https://www.youtube.com/watch?v=-4QPVo0UIzc,-4QPVo0UIzc,117,111,22,0.841726618705036,PG-13,Biography,2011,385000.0
just go with it,https://www.youtube.com/watch?v=fpj7i2CPt8M,fpj7i2CPt8M,114,105,31,0.7862068965517242,PG-13,Comedy,2011,227000.0
the intouchables,https://www.youtube.com/watch?v=34WIbmXkewU,34WIbmXkewU,120,113,18,0.8695652173913043,R,Biography,2011,785000.0
drive,https://www.youtube.com/watch?v=KBiOF3y1W0Y,KBiOF3y1W0Y,90,126,34,0.7258064516129032,R,Crime,2011,587000.0
green lantern,https://www.youtube.com/watch?v=7-GO9fo9DtM,7-GO9fo9DtM,115,87,48,0.7055214723926381,PG-13,Action,2011,272000.0
the cabin in the woods,https://www.youtube.com/watch?v=MzbMwS6lVpE,MzbMwS6lVpE,94,59,97,0.4921465968586387,R,Horror,2011,387000.0
the help,https://www.youtube.com/watch?v=XOTkNsxhECY,XOTkNsxhECY,59,45,17,0.7763157894736842,PG-13,Drama,2011,436000.0
crazy stupid love,https://www.youtube.com/watch?v=8iCwtxJejik,8iCwtxJejik,120,107,23,0.8391608391608392,PG-13,Comedy,2011,487000.0
no strings attached,https://www.youtube.com/watch?v=XGmsRMvQ2AM,XGmsRMvQ2AM,37,33,11,0.7708333333333334,R,Comedy,2011,219000.0
sucker punch,https://www.youtube.com/watch?v=9k10AzCcMOM,9k10AzCcMOM,112,85,53,0.6787878787878788,PG-13,Action,2011,235000.0
warrior,https://www.youtube.com/watch?v=79rtcCnaeyo,79rtcCnaeyo,125,99,26,0.8278145695364238,PG-13,Action,2011,445000.0
friends with benefits,https://www.youtube.com/watch?v=VzXg-Vr1sMA,VzXg-Vr1sMA,74,73,27,0.7326732673267327,R,Comedy,2011,348000.0
immortals,https://www.youtube.com/watch?v=pE3yR8bZ1pY,pE3yR8bZ1pY,100,123,27,0.7874015748031497,R,Action,2011,163000.0
xmen first class,https://www.youtube.com/watch?v=UrbHykKUfTM,UrbHykKUfTM,136,90,24,0.85,PG-13,Action,2011,657000.0
contagion,https://www.youtube.com/watch?v=4sYSyuuLk5g,4sYSyuuLk5g,74,116,60,0.5522388059701493,PG-13,Drama,2011,290000.0
bad teacher,https://www.youtube.com/watch?v=GahC5cVsU6A,GahC5cVsU6A,91,121,38,0.7054263565891473,R,Comedy,2011,196000.0
in time,https://www.youtube.com/watch?v=xhYUaR5QiUs,xhYUaR5QiUs,33,212,5,0.868421052631579,PG-13,Action,2011,379000.0
one day,https://www.youtube.com/watch?v=WlopfWYGBh4,WlopfWYGBh4,128,58,64,0.6666666666666666,PG-13,Drama,2011,143000.0
scream 4,https://www.youtube.com/watch?v=UlaZfOiGaCU,UlaZfOiGaCU,75,78,97,0.436046511627907,R,Horror,2011,131000.0
shame,https://www.youtube.com/watch?v=Op9iQiB_ANI,Op9iQiB_ANI,113,70,67,0.6277777777777778,NC-17,Drama,2011,187000.0
mission impossible ghost protocol,https://www.youtube.com/watch?v=PT4L1llxCX0,PT4L1llxCX0,2,3,0,1.0,PG-13,Action,2011,466000.0
we need to talk about kevin,https://www.youtube.com/watch?v=SfQaRK3BCYU,SfQaRK3BCYU,92,83,75,0.5508982035928144,R,Drama,2011,142000.0
limitless,https://www.youtube.com/watch?v=4TLppsfzQH8,4TLppsfzQH8,99,133,18,0.8461538461538461,PG-13,Sci-Fi,2011,538000.0
unknown,https://www.youtube.com/watch?v=vSXUgkCjdBM,vSXUgkCjdBM,112,98,40,0.7368421052631579,PG-13,Action,2011,253000.0
transformers dark of the moon,https://www.youtube.com/watch?v=bTIrEZM-cFE,bTIrEZM-cFE,47,81,20,0.7014925373134329,PG-13,Action,2011,390000.0
cowboys aliens,https://www.youtube.com/watch?v=zH7KZD5vGBY,zH7KZD5vGBY,93,120,38,0.7099236641221374,PG-13,Action,2011,211000.0
tinker tailor soldier spy,https://www.youtube.com/watch?v=VW-F1H-Nonk,VW-F1H-Nonk,127,81,42,0.7514792899408284,R,Drama,2011,192000.0
conan the barbarian,https://www.youtube.com/watch?v=xwdYd_RdLCQ,xwdYd_RdLCQ,124,80,46,0.7294117647058823,R,Action,1982,141000.0
conan the barbarian,https://www.youtube.com/watch?v=xwdYd_RdLCQ,xwdYd_RdLCQ,124,80,46,0.7294117647058823,R,Action,2011,96000.0
melancholia,https://www.youtube.com/watch?v=JCUdy1nUqrg,JCUdy1nUqrg,52,62,29,0.6419753086419753,R,Drama,2011,172000.0
source code,https://www.youtube.com/watch?v=NkTrG-gpIzE,NkTrG-gpIzE,114,88,48,0.7037037037037037,PG-13,Action,2011,495000.0
real steel,https://www.youtube.com/watch?v=obYuPJH2oTE,obYuPJH2oTE,25,32,3,0.8928571428571429,PG-13,Action,2011,306000.0
horrible bosses,https://www.youtube.com/watch?v=VpUeQV8sdOc,VpUeQV8sdOc,123,81,46,0.727810650887574,R,Comedy,2011,428000.0
rio,https://www.youtube.com/watch?v=Bf6zeRwk5LE,Bf6zeRwk5LE,74,160,15,0.8314606741573034,PG,Animation,2011,212000.0
the skin i live in,https://www.youtube.com/watch?v=PavJUoZNT7g,PavJUoZNT7g,55,59,30,0.6470588235294118,R,Drama,2011,143000.0
sherlock holmes a game of shadows,https://www.youtube.com/watch?v=DpxtbtnC1u8,DpxtbtnC1u8,113,112,25,0.8188405797101449,PG-13,Action,2011,429000.0
the three musketeers,https://www.youtube.com/watch?v=cvWLpi5J-NI&vl=en,cvWLpi5J-NI,94,105,51,0.6482758620689655,PG,Action,1993,52000.0
the three musketeers,https://www.youtube.com/watch?v=cvWLpi5J-NI&vl=en,cvWLpi5J-NI,94,105,51,0.6482758620689655,PG-13,Action,2011,105000.0
tower heist,https://www.youtube.com/watch?v=Z4KXF7NWFRE,Z4KXF7NWFRE,116,95,39,0.7483870967741936,PG-13,Action,2011,137000.0
paul,https://www.youtube.com/watch?v=BJxlNYb8sJQ,BJxlNYb8sJQ,64,156,30,0.6808510638297872,R,Adventure,2011,240000.0
rise of the planet of the apes,https://www.youtube.com/watch?v=VzDt7uBBIOI,VzDt7uBBIOI,49,34,21,0.7,PG-13,Action,2011,504000.0
your highness,https://www.youtube.com/watch?v=1nB2pWEW9yw,1nB2pWEW9yw,71,45,22,0.7634408602150538,R,Adventure,2011,99000.0
the lincoln lawyer,https://www.youtube.com/watch?v=IFwE3UgCMIk,IFwE3UgCMIk,128,94,28,0.8205128205128205,R,Crime,2011,221000.0
colombiana,https://www.youtube.com/watch?v=HCxPLlFWdFo,HCxPLlFWdFo,92,111,47,0.6618705035971223,PG-13,Action,2011,97000.0
larry crowne,https://www.youtube.com/watch?v=x_-tWhlcQok,x_-tWhlcQok,20,14,5,0.8,PG-13,Comedy,2011,65000.0
abduction,https://www.youtube.com/watch?v=CEVkp5Je7m0,CEVkp5Je7m0,94,118,38,0.7121212121212122,PG-13,Action,2011,78000.0
a separation,https://www.youtube.com/watch?v=58Onuy5USTc,58Onuy5USTc,133,89,28,0.8260869565217391,PG-13,Drama,2011,227000.0
hugo,https://www.youtube.com/watch?v=Hv3obL9HqyY,Hv3obL9HqyY,107,115,28,0.7925925925925926,PG,Drama,2011,310000.0
the adjustment bureau,https://www.youtube.com/watch?v=H78XCiJamXc,H78XCiJamXc,79,42,19,0.8061224489795918,PG-13,Romance,2011,248000.0
10 years,https://www.youtube.com/watch?v=-k5y4bLU5X4,-k5y4bLU5X4,103,112,35,0.7463768115942029,PG-13,Comedy,2011,25000.0
the tree of life,https://www.youtube.com/watch?v=RrAz1YLh8nY,RrAz1YLh8nY,121,91,38,0.7610062893081762,PG-13,Drama,2011,171000.0
the deep blue sea,https://www.youtube.com/watch?v=lsXS1LJtnWY,lsXS1LJtnWY,2,4,0,1.0,R,Drama,2011,15000.0
killer joe,https://www.youtube.com/watch?v=JYcUUXq6Kd8,JYcUUXq6Kd8,89,82,66,0.5741935483870968,Unrated,Crime,2011,75000.0
jane eyre,https://www.youtube.com/watch?v=8IFsdfk3mlk,8IFsdfk3mlk,129,75,46,0.7371428571428571,PG,Drama,1996,9200.0
jane eyre,https://www.youtube.com/watch?v=8IFsdfk3mlk,8IFsdfk3mlk,129,75,46,0.7371428571428571,PG-13,Drama,2011,83000.0
kill the irishman,https://www.youtube.com/watch?v=x2zN53Vwnz0,x2zN53Vwnz0,107,75,68,0.6114285714285714,R,Biography,2011,47000.0
war horse,https://www.youtube.com/watch?v=JPNyNr2Kp4w,JPNyNr2Kp4w,106,73,72,0.5955056179775281,PG-13,Action,2011,150000.0
the changeup,https://www.youtube.com/watch?v=43Qc70ZeMFw,43Qc70ZeMFw,80,92,27,0.7476635514018691,R,Comedy,2011,172000.0
the raid redemption,https://www.youtube.com/watch?v=GDYwcjhvD-Y,GDYwcjhvD-Y,82,77,29,0.7387387387387387,R,Action,2011,195000.0
margin call,https://www.youtube.com/watch?v=IjZ-ke1kJrA,IjZ-ke1kJrA,88,117,45,0.6616541353383458,R,Drama,2011,121000.0
martha marcy may marlene,https://www.youtube.com/watch?v=ERREgOobLOs,ERREgOobLOs,90,89,72,0.5555555555555556,R,Drama,2011,50000.0
hanna,https://www.youtube.com/watch?v=7ImxHJtLEDs,7ImxHJtLEDs,41,21,16,0.7192982456140351,PG-13,Action,2011,193000.0
5050,https://www.youtube.com/watch?v=3MK0mHbdZd4,3MK0mHbdZd4,50,15,23,0.684931506849315,R,Comedy,2011,320000.0
the descendants,https://www.youtube.com/watch?v=XDwUH02DDWU,XDwUH02DDWU,76,58,27,0.7378640776699029,R,Comedy,2011,235000.0
the adventures of tintin,https://www.youtube.com/watch?v=LTnCE_SaU38,LTnCE_SaU38,87,80,27,0.7631578947368421,PG,Animation,2011,221000.0
final destination 5,https://www.youtube.com/watch?v=g7V84i92H4A,g7V84i92H4A,77,89,84,0.4782608695652174,R,Action,2011,109000.0
youre next,https://www.youtube.com/watch?v=3ZKQU0YYkNw,3ZKQU0YYkNw,97,79,74,0.5672514619883041,R,Horror,2011,92000.0
the sitter,https://www.youtube.com/watch?v=kTmF4UnkkbA,kTmF4UnkkbA,80,62,24,0.7692307692307693,R,Comedy,2011,69000.0
frances ha,https://www.youtube.com/watch?v=YdxCnCvCngk,YdxCnCvCngk,41,22,9,0.82,R,Comedy,2012,78000.0
the fiveyear engagement,https://www.youtube.com/watch?v=WLltd7E1mCU,WLltd7E1mCU,24,15,16,0.6,R,Comedy,2012,96000.0
house at the end of the street,https://www.youtube.com/watch?v=7V9thTmoc_s,7V9thTmoc_s,89,62,82,0.52046783625731,PG-13,Drama,2012,74000.0
the sessions,https://www.youtube.com/watch?v=NwjeJmh9uXY,NwjeJmh9uXY,8,6,2,0.8,R,Biography,2012,42000.0
the three stooges,https://www.youtube.com/watch?v=1FUBJCjL4r8,1FUBJCjL4r8,21,30,19,0.525,PG,Comedy,2012,30000.0
think like a man,https://www.youtube.com/watch?v=vxTN4eX4Vss,vxTN4eX4Vss,126,79,45,0.7368421052631579,PG-13,Comedy,2012,45000.0
the vow,https://www.youtube.com/watch?v=PcL24s-S6ns,PcL24s-S6ns,152,66,32,0.8260869565217391,PG-13,Drama,2012,187000.0
taken 2,https://www.youtube.com/watch?v=u48UrWtCn5E,u48UrWtCn5E,77,114,59,0.5661764705882353,PG-13,Action,2012,294000.0
compliance,https://www.youtube.com/watch?v=cDat96UyT5A,cDat96UyT5A,53,42,66,0.4453781512605042,R,Crime,2012,33000.0
rust and bone,https://www.youtube.com/watch?v=Jg7skcyYolU,Jg7skcyYolU,124,74,47,0.7251461988304093,R,Drama,2012,65000.0
the company you keep,https://www.youtube.com/watch?v=dTEBo9pOQXM,dTEBo9pOQXM,1,7,0,1.0,R,Drama,2012,32000.0
hit and run,https://www.youtube.com/watch?v=Az8-kwoWIGc,Az8-kwoWIGc,19,25,12,0.6129032258064516,R,Action,2012,35000.0
act of valor,https://www.youtube.com/watch?v=ZnlPgo9TaGo,ZnlPgo9TaGo,119,86,45,0.725609756097561,R,Action,2012,67000.0
passion,https://www.youtube.com/watch?v=4Aif1qEB_JU,4Aif1qEB_JU,100,98,52,0.6578947368421053,R,Adventure,2012,22000.0
on the road,https://www.youtube.com/watch?v=su75_mcryO4,su75_mcryO4,113,82,38,0.7483443708609272,R,Adventure,2012,40000.0
bullet to the head,https://www.youtube.com/watch?v=qGDyslD68as,qGDyslD68as,51,45,17,0.75,R,Action,2012,48000.0
lol,https://www.youtube.com/watch?v=fEzWvEoD9ew,fEzWvEoD9ew,123,96,31,0.7987012987012987,PG-13,Comedy,2012,54000.0
the first time,https://www.youtube.com/watch?v=Pa5963ftpDc,Pa5963ftpDc,9,14,1,0.9,PG-13,Comedy,2012,68000.0
vhs,https://www.youtube.com/watch?v=NaSUZnIztuY,NaSUZnIztuY,61,51,80,0.4326241134751773,R,Horror,2012,58000.0
no one lives,https://www.youtube.com/watch?v=Z4HxhzBG0ag,Z4HxhzBG0ag,93,88,69,0.5740740740740741,R,Horror,2012,20000.0
mirror mirror,https://www.youtube.com/watch?v=FkA4L8T9DA0,FkA4L8T9DA0,8,4,3,0.7272727272727273,PG,Adventure,2012,85000.0
about cherry,https://www.youtube.com/watch?v=Pm6RlqnxI-Y,Pm6RlqnxI-Y,67,92,43,0.6090909090909091,R,Drama,2012,10000.0
hitchcock,https://www.youtube.com/watch?v=_Uw6fweoB8E,_Uw6fweoB8E,13,14,4,0.7647058823529411,PG-13,Biography,2012,73000.0
the lords of salem,https://www.youtube.com/watch?v=c8Ud_KRh2Ac,c8Ud_KRh2Ac,16,6,28,0.3636363636363636,R,Horror,2012,28000.0
step up revolution,https://www.youtube.com/watch?v=jl0QrvDxu-c,jl0QrvDxu-c,2,8,1,0.6666666666666666,PG-13,Drama,2012,55000.0
ruby sparks,https://www.youtube.com/watch?v=xb3_AE-UinY,xb3_AE-UinY,120,83,47,0.718562874251497,R,Comedy,2012,97000.0
the paperboy,https://www.youtube.com/watch?v=m2GMwWaDSr0,m2GMwWaDSr0,115,64,71,0.6182795698924731,R,Crime,2012,37000.0
the possession,https://www.youtube.com/watch?v=Sxo3Wib31uE,Sxo3Wib31uE,78,109,62,0.5571428571428572,PG-13,Horror,2012,58000.0
silent hill revelation,https://www.youtube.com/watch?v=9b4iOhWswYM,9b4iOhWswYM,99,92,60,0.6226415094339622,R,Action,2012,61000.0
safe,https://www.youtube.com/watch?v=gU-wjVD_58c,gU-wjVD_58c,125,85,36,0.7763975155279503,R,Drama,1995,14000.0
safe,https://www.youtube.com/watch?v=gU-wjVD_58c,gU-wjVD_58c,125,85,36,0.7763975155279503,R,Action,2012,106000.0
the brass teapot,https://www.youtube.com/watch?v=3dLOCxs2Qi8,3dLOCxs2Qi8,2,5,2,0.5,R,Comedy,2012,15000.0
alex cross,https://www.youtube.com/watch?v=Uw7PhPD31Ws,Uw7PhPD31Ws,120,73,57,0.6779661016949152,PG-13,Action,2012,33000.0
amour,https://www.youtube.com/watch?v=F7D-Y3T0XFA,F7D-Y3T0XFA,59,69,46,0.5619047619047619,PG-13,Drama,2012,95000.0
what to expect when youre expecting,https://www.youtube.com/watch?v=_8Um0DEEjkM,_8Um0DEEjkM,40,30,15,0.7272727272727273,PG-13,Comedy,2012,71000.0
trouble with the curve,https://www.youtube.com/watch?v=fTHSqutzOcQ,fTHSqutzOcQ,123,90,37,0.76875,PG-13,Drama,2012,61000.0
here comes the boom,https://www.youtube.com/watch?v=M4L6ruTF5qE,M4L6ruTF5qE,124,100,25,0.8322147651006712,PG,Action,2012,87000.0
the collection,https://www.youtube.com/watch?v=hsmJ5-LgiZ0,hsmJ5-LgiZ0,17,17,12,0.5862068965517241,R,Horror,2012,47000.0
john dies at the end,https://www.youtube.com/watch?v=IfJp417dyig,IfJp417dyig,115,84,51,0.6927710843373494,R,Comedy,2012,37000.0
to rome with love,https://www.youtube.com/watch?v=uhBs9-G6sms,uhBs9-G6sms,6,4,4,0.6,R,Comedy,2012,86000.0
the giant mechanical man,https://www.youtube.com/watch?v=zbAmRWPsnQg,zbAmRWPsnQg,12,10,4,0.75,PG-13,Comedy,2012,9800.0
contraband,https://www.youtube.com/watch?v=Rp0b5ZXIUvE,Rp0b5ZXIUvE,47,54,21,0.6911764705882353,R,Action,2012,119000.0
red lights,https://www.youtube.com/watch?v=Gxsl3yCZje4,Gxsl3yCZje4,90,88,41,0.6870229007633588,R,Drama,2012,59000.0
arbitrage,https://www.youtube.com/watch?v=UmJSV9ePx7c,UmJSV9ePx7c,99,85,64,0.6073619631901841,R,Drama,2012,51000.0
the man with the iron fists,https://www.youtube.com/watch?v=3swVdu41Ixg,3swVdu41Ixg,32,31,17,0.6530612244897959,R,Action,2012,61000.0
cosmopolis,https://www.youtube.com/watch?v=0WpEc-rJQ3s,0WpEc-rJQ3s,92,57,101,0.4766839378238341,R,Crime,2012,45000.0
the campaign,https://www.youtube.com/watch?v=Bmp6UDzIUes,Bmp6UDzIUes,33,34,10,0.7674418604651163,R,Comedy,2012,126000.0
frankenweenie,https://www.youtube.com/watch?v=XBfcGLBJ2Uc,XBfcGLBJ2Uc,81,103,66,0.5510204081632653,PG,Animation,2012,101000.0
a royal affair,https://www.youtube.com/watch?v=e8762G2Toeg,e8762G2Toeg,43,41,14,0.7543859649122807,R,Biography,2012,45000.0
the guilt trip,https://www.youtube.com/watch?v=UAwiiGUCeLE,UAwiiGUCeLE,15,12,3,0.8333333333333334,PG-13,Comedy,2012,36000.0
stand up guys,https://www.youtube.com/watch?v=NApJNjPTqZs,NApJNjPTqZs,122,95,33,0.7870967741935484,R,Comedy,2012,54000.0
deadfall,https://www.youtube.com/watch?v=Q4IASREmPMY,Q4IASREmPMY,56,35,20,0.7368421052631579,R,Crime,1993,3000.0
deadfall,https://www.youtube.com/watch?v=Q4IASREmPMY,Q4IASREmPMY,56,35,20,0.7368421052631579,R,Crime,2012,39000.0
the bay,https://www.youtube.com/watch?v=ctkkn1qSYKw,ctkkn1qSYKw,89,87,74,0.5460122699386503,R,Horror,2012,26000.0
the words,https://www.youtube.com/watch?v=pMKB1LqwSHI,pMKB1LqwSHI,84,133,33,0.717948717948718,PG-13,Drama,2012,76000.0
the broken circle breakdown,https://www.youtube.com/watch?v=3a50DJkCxqw,3a50DJkCxqw,73,59,36,0.6697247706422018,Not Rated,Drama,2012,40000.0
thanks for sharing,https://www.youtube.com/watch?v=FP0aIPWCuDo,FP0aIPWCuDo,87,104,59,0.5958904109589042,R,Comedy,2012,27000.0
starlet,https://www.youtube.com/watch?v=-JHszQynTPY,-JHszQynTPY,6,4,2,0.75,Not Rated,Drama,2012,7200.0
the angels share,https://www.youtube.com/watch?v=NcQIvmR21VU,NcQIvmR21VU,130,64,38,0.7738095238095238,R,Comedy,2012,24000.0
universal soldier day of reckoning,https://www.youtube.com/watch?v=MJxX3s39ck8,MJxX3s39ck8,92,76,82,0.5287356321839081,R,Action,2012,20000.0
promised land,https://www.youtube.com/watch?v=c9U1E9cC5is,c9U1E9cC5is,117,90,44,0.7267080745341615,R,Drama,1987,1200.0
promised land,https://www.youtube.com/watch?v=c9U1E9cC5is,c9U1E9cC5is,117,90,44,0.7267080745341615,R,Drama,2012,37000.0
beasts of the southern wild,https://www.youtube.com/watch?v=pvqZzSMIZa0,pvqZzSMIZa0,122,66,62,0.6630434782608695,PG-13,Adventure,2012,82000.0
red tails,https://www.youtube.com/watch?v=BpA6TC0T_Lw,BpA6TC0T_Lw,97,77,76,0.5606936416184971,PG-13,Action,2012,34000.0
in the house,https://www.youtube.com/watch?v=eegoZpxQCzc,eegoZpxQCzc,42,48,15,0.7368421052631579,R,Drama,2012,31000.0
the cold light of day,https://www.youtube.com/watch?v=qxJpe8d2dBQ,qxJpe8d2dBQ,41,30,27,0.6029411764705882,PG-13,Action,2012,36000.0
the apparition,https://www.youtube.com/watch?v=h9Q01gfKJO4,h9Q01gfKJO4,82,81,71,0.5359477124183006,PG-13,Horror,2012,19000.0
to the wonder,https://www.youtube.com/watch?v=NTAzcTZTY1g,NTAzcTZTY1g,143,56,50,0.7409326424870466,R,Drama,2012,28000.0
chasing mavericks,https://www.youtube.com/watch?v=6pwnwnzk8L8,6pwnwnzk8L8,19,17,4,0.8260869565217391,PG,Biography,2012,31000.0
one for the money,https://www.youtube.com/watch?v=rn1PpRgUaeU,rn1PpRgUaeU,123,84,43,0.7409638554216867,PG-13,Action,2012,41000.0
bachelorette,https://www.youtube.com/watch?v=w2KKLUrVP20,w2KKLUrVP20,90,101,47,0.656934306569343,R,Comedy,2012,46000.0
lay the favorite,https://www.youtube.com/watch?v=Jr30OocHzVw,Jr30OocHzVw,16,8,10,0.6153846153846154,R,Comedy,2012,11000.0
kahaani,https://www.youtube.com/watch?v=rsjamVgPoI8,rsjamVgPoI8,100,115,11,0.9009009009009008,Not Rated,Mystery,2012,59000.0
parental guidance,https://www.youtube.com/watch?v=E8TsXD79iJ0,E8TsXD79iJ0,7,19,6,0.5384615384615384,PG,Comedy,2012,25000.0
the raven,https://www.youtube.com/watch?v=kuireoKBiC0,kuireoKBiC0,101,81,68,0.5976331360946746,R,Crime,2012,83000.0
liberal arts,https://www.youtube.com/watch?v=yBUCyxJwHm0,yBUCyxJwHm0,20,24,9,0.6896551724137931,PG-13,Comedy,2012,37000.0
stolen,https://www.youtube.com/watch?v=rpMxOjUjweA,rpMxOjUjweA,97,90,63,0.60625,R,Action,2012,44000.0
kontiki,https://www.youtube.com/watch?v=0VdQUc1C1Fs,0VdQUc1C1Fs,64,86,20,0.7619047619047619,PG-13,Adventure,2012,47000.0
paranormal activity 4,https://www.youtube.com/watch?v=AWErnpeg5mE,AWErnpeg5mE,6,19,10,0.375,R,Horror,2012,63000.0
quartet,https://www.youtube.com/watch?v=wSEnh8Hi62E,wSEnh8Hi62E,80,50,26,0.7547169811320755,R,Drama,1981,1300.0
quartet,https://www.youtube.com/watch?v=wSEnh8Hi62E,wSEnh8Hi62E,80,50,26,0.7547169811320755,PG-13,Comedy,2012,19000.0
28 hotel rooms,https://www.youtube.com/watch?v=bSN5Hvh8bts,bSN5Hvh8bts,30,27,26,0.5357142857142857,Not Rated,Drama,2012,3200.0
playing for keeps,https://www.youtube.com/watch?v=ez9U9bw4XwM,ez9U9bw4XwM,97,93,61,0.6139240506329114,PG-13,Comedy,1986,616.0
playing for keeps,https://www.youtube.com/watch?v=ez9U9bw4XwM,ez9U9bw4XwM,97,93,61,0.6139240506329114,PG-13,Comedy,2012,29000.0
upside down,https://www.youtube.com/watch?v=XPdlrOP22NM,XPdlrOP22NM,122,87,41,0.7484662576687117,PG-13,Drama,2012,70000.0
great expectations,https://www.youtube.com/watch?v=QN6hchvzwjA,QN6hchvzwjA,95,84,71,0.572289156626506,R,Drama,1998,52000.0
great expectations,https://www.youtube.com/watch?v=QN6hchvzwjA,QN6hchvzwjA,95,84,71,0.572289156626506,PG-13,Drama,2012,13000.0
the odd life of timothy green,https://www.youtube.com/watch?v=mMSkbH0LuTc,mMSkbH0LuTc,50,35,5,0.9090909090909092,PG,Comedy,2012,46000.0
premium rush,https://www.youtube.com/watch?v=Pn6ie1zCkZU,Pn6ie1zCkZU,83,125,42,0.664,PG-13,Action,2012,111000.0
not fade away,https://www.youtube.com/watch?v=WFY13OItSPc,WFY13OItSPc,5,6,2,0.7142857142857143,R,Drama,2012,4400.0
disconnect,https://www.youtube.com/watch?v=aqCcQOlDM4o,aqCcQOlDM4o,131,64,55,0.7043010752688172,R,Drama,2012,74000.0
sightseers,https://www.youtube.com/watch?v=RQLE6QWleCo,RQLE6QWleCo,2,1,1,0.6666666666666666,Not Rated,Adventure,2012,27000.0
the pirates band of misfits,https://www.youtube.com/watch?v=RZN0aF02WvY,RZN0aF02WvY,49,52,24,0.6712328767123288,PG,Animation,2012,46000.0
chernobyl diaries,https://www.youtube.com/watch?v=Pq47T48u8Zo,Pq47T48u8Zo,71,98,81,0.4671052631578947,R,Horror,2012,65000.0
talaash,https://www.youtube.com/watch?v=M97P3zoUIos,M97P3zoUIos,126,93,28,0.8181818181818182,Not Rated,Crime,2012,40000.0
hope springs,https://www.youtube.com/watch?v=-s22_Mvikl8,-s22_Mvikl8,154,59,37,0.806282722513089,PG-13,Comedy,2012,42000.0
people like us,https://www.youtube.com/watch?v=0OVGAOJ7N-c,0OVGAOJ7N-c,114,94,36,0.76,PG-13,Comedy,2012,42000.0
the abcs of death,https://www.youtube.com/watch?v=sOjnX-Mbzqg,sOjnX-Mbzqg,16,43,28,0.3636363636363636,Not Rated,Comedy,2012,18000.0
vamps,https://www.youtube.com/watch?v=KhzHXrTzATo,KhzHXrTzATo,101,89,60,0.6273291925465838,PG-13,Comedy,2012,9700.0
bel ami,https://www.youtube.com/watch?v=i-vuCO_jmGE,i-vuCO_jmGE,9,11,5,0.6428571428571429,R,Crime,2012,18000.0
the reluctant fundamentalist,https://www.youtube.com/watch?v=ejxfDqK-kZo,ejxfDqK-kZo,81,64,24,0.7714285714285715,R,Drama,2012,14000.0
much ado about nothing,https://www.youtube.com/watch?v=rbSN4Lv_N4g,rbSN4Lv_N4g,46,34,9,0.8363636363636363,PG-13,Comedy,1993,46000.0
much ado about nothing,https://www.youtube.com/watch?v=rbSN4Lv_N4g,rbSN4Lv_N4g,46,34,9,0.8363636363636363,PG-13,Comedy,2012,16000.0
big miracle,https://www.youtube.com/watch?v=Qv-mWQUoXOg,Qv-mWQUoXOg,112,68,70,0.6153846153846154,PG,Biography,2012,19000.0
the green inferno,https://www.youtube.com/watch?v=FcpYPu9M3bw,FcpYPu9M3bw,83,78,89,0.4825581395348837,R,Adventure,2013,41000.0
don jon,https://www.youtube.com/watch?v=2A63Ly0Pvpk,2A63Ly0Pvpk,92,131,27,0.773109243697479,R,Comedy,2013,232000.0
now you see me,https://www.youtube.com/watch?v=KzJNYYkkhzc,KzJNYYkkhzc,105,108,38,0.7342657342657343,PG-13,Crime,2013,612000.0
identity thief,https://www.youtube.com/watch?v=uO12W35DpsQ,uO12W35DpsQ,108,88,54,0.6666666666666666,R,Comedy,2013,128000.0
how i live now,https://www.youtube.com/watch?v=RSaxm68PPT4,RSaxm68PPT4,92,108,50,0.647887323943662,R,Action,2013,29000.0
upstream color,https://www.youtube.com/watch?v=SilYsr_3vrA,SilYsr_3vrA,70,84,44,0.6140350877192983,Not Rated,Drama,2013,32000.0
parkland,https://www.youtube.com/watch?v=V5-Bg7ZrGAg,V5-Bg7ZrGAg,73,87,90,0.4478527607361963,PG-13,Drama,2013,15000.0
a field in england,https://www.youtube.com/watch?v=cRRvzjkzu2U,cRRvzjkzu2U,116,64,70,0.6236559139784946,Not Rated,Drama,2013,12000.0
in secret,https://www.youtube.com/watch?v=L58WBZDHP1s,L58WBZDHP1s,107,96,47,0.6948051948051948,R,Crime,2013,8000.0
paranoia,https://www.youtube.com/watch?v=kiwTRLwmm4w,kiwTRLwmm4w,111,85,54,0.6727272727272727,PG-13,Drama,2013,36000.0
the past,https://www.youtube.com/watch?v=oXbzvpl5fnM,oXbzvpl5fnM,6,4,3,0.6666666666666666,PG-13,Drama,2013,46000.0
breathe in,https://www.youtube.com/watch?v=qjPReJ2Jy8I,qjPReJ2Jy8I,142,58,50,0.7395833333333334,R,Drama,2013,14000.0
vhs2,https://www.youtube.com/watch?v=8Rto5cyknzU,8Rto5cyknzU,6,13,7,0.4615384615384615,R,Horror,2013,37000.0
knights of badassdom,https://www.youtube.com/watch?v=zyougFDZ7zU,zyougFDZ7zU,119,85,46,0.7212121212121212,R,Action,2013,20000.0
the congress,https://www.youtube.com/watch?v=zkDyKWKNeaE,zkDyKWKNeaE,59,59,35,0.6276595744680851,Not Rated,Animation,2013,18000.0
the fifth estate,https://www.youtube.com/watch?v=YQOiS_l_0Jk,YQOiS_l_0Jk,104,75,71,0.5942857142857143,R,Biography,2013,40000.0
ida,https://www.youtube.com/watch?v=_JIXxo8qUn0,_JIXxo8qUn0,47,67,23,0.6714285714285714,PG-13,Drama,2013,55000.0
the love punch,https://www.youtube.com/watch?v=dVmdXE_iB8w,dVmdXE_iB8w,76,35,14,0.8444444444444444,PG-13,Comedy,2013,14000.0
tracks,https://www.youtube.com/watch?v=6-DiOyxCQQI,6-DiOyxCQQI,133,84,33,0.8012048192771084,PG-13,Adventure,2013,29000.0
bad words,https://www.youtube.com/watch?v=pWibxfADyRc,pWibxfADyRc,8,6,2,0.8,R,Comedy,2013,48000.0
in a world,https://www.youtube.com/watch?v=NmEARgbQ8us,NmEARgbQ8us,4,9,1,0.8,R,Comedy,2013,31000.0
aint them bodies saints,https://www.youtube.com/watch?v=ga0c0v-stK0,ga0c0v-stK0,110,76,45,0.7096774193548387,R,Crime,2013,21000.0
man of tai chi,https://www.youtube.com/watch?v=P0i0ddd91xA,P0i0ddd91xA,12,4,2,0.8571428571428571,R,Action,2013,36000.0
the east,https://www.youtube.com/watch?v=7z54r8jvGj8,7z54r8jvGj8,30,14,12,0.7142857142857143,PG-13,Crime,2013,49000.0
the lunchbox,https://www.youtube.com/watch?v=sK3R0rvnlPs,sK3R0rvnlPs,109,119,22,0.8320610687022901,PG,Drama,2013,52000.0
new world,https://www.youtube.com/watch?v=m1C5dLnvlzg,m1C5dLnvlzg,78,128,44,0.639344262295082,Not Rated,Action,2013,21000.0
charlie countryman,https://www.youtube.com/watch?v=YKzWBjENRwc,YKzWBjENRwc,12,2,1,0.9230769230769232,R,Action,2013,28000.0
getaway,https://www.youtube.com/watch?v=-A8UaQA7VZ8,-A8UaQA7VZ8,9,15,3,0.75,PG-13,Action,2013,23000.0
guardians of the galaxy,https://www.youtube.com/watch?v=d96cjJhvlMA,d96cjJhvlMA,113,100,37,0.7533333333333333,PG-13,Action,2014,1100000.0
interstellar,https://www.youtube.com/watch?v=zSWdZVtXT7E,zSWdZVtXT7E,140,50,60,0.7,PG-13,Adventure,2014,1600000.0
john wick,https://www.youtube.com/watch?v=qEVUtrk8_B4,qEVUtrk8_B4,115,69,67,0.6318681318681318,R,Action,2014,565000.0
edge of tomorrow,https://www.youtube.com/watch?v=vw61gCe2oqI,vw61gCe2oqI,130,94,26,0.8333333333333334,PG-13,Action,2014,620000.0
gone girl,https://www.youtube.com/watch?v=2-_-1nJf8Vg,2-_-1nJf8Vg,95,103,52,0.6462585034013606,R,Drama,2014,893000.0
captain america the winter soldier,https://www.youtube.com/watch?v=7SlILk2WMTI,7SlILk2WMTI,135,79,36,0.7894736842105263,PG-13,Action,2014,764000.0
the grand budapest hotel,https://www.youtube.com/watch?v=1Fg5iWmQjwk,1Fg5iWmQjwk,147,76,27,0.8448275862068966,R,Adventure,2014,734000.0
whiplash,https://www.youtube.com/watch?v=7d_jQycdQGo,7d_jQycdQGo,140,67,43,0.7650273224043715,R,Drama,2014,749000.0
kingsman the secret service,https://www.youtube.com/watch?v=kl8F-8tR8to,kl8F-8tR8to,128,97,25,0.8366013071895425,R,Action,2014,607000.0
ex machina,https://www.youtube.com/watch?v=bggUmgeMCdc,bggUmgeMCdc,123,77,50,0.7109826589595376,R,Drama,2014,493000.0
divergent,https://www.youtube.com/watch?v=sutgWjz10sM,sutgWjz10sM,106,92,52,0.6708860759493671,PG-13,Action,2014,435000.0
nightcrawler,https://www.youtube.com/watch?v=X8kYDQan8bw,X8kYDQan8bw,115,87,48,0.7055214723926381,R,Crime,2014,486000.0
the hobbit the battle of the five armies,https://www.youtube.com/watch?v=iVAgTiBrrDA,iVAgTiBrrDA,137,77,36,0.791907514450867,PG-13,Adventure,2014,487000.0
the equalizer,https://www.youtube.com/watch?v=VjctHUEmutw,VjctHUEmutw,106,91,53,0.6666666666666666,R,Action,2014,344000.0
the maze runner,https://www.youtube.com/watch?v=AwwbhhjQ9Xk,AwwbhhjQ9Xk,108,110,32,0.7714285714285715,PG-13,Action,2014,431000.0
lucy,https://www.youtube.com/watch?v=bN7ksFEVO9U,bN7ksFEVO9U,96,115,39,0.7111111111111111,R,Action,2014,460000.0
chef,https://www.youtube.com/watch?v=FF_rYNupPwg,FF_rYNupPwg,108,130,12,0.9,R,Adventure,2014,202000.0
what we do in the shadows,https://www.youtube.com/watch?v=IAZEWtyhpes,IAZEWtyhpes,134,78,38,0.7790697674418605,R,Comedy,2014,164000.0
the imitation game,https://www.youtube.com/watch?v=nuPZUUED5uk,nuPZUUED5uk,114,86,50,0.6951219512195121,PG-13,Biography,2014,707000.0
fury,https://www.youtube.com/watch?v=q94n3eWOWXM,q94n3eWOWXM,115,90,45,0.71875,R,Action,2014,442000.0
xmen days of future past,https://www.youtube.com/watch?v=pK2zYHWDZKo,pK2zYHWDZKo,143,69,38,0.7900552486187845,PG-13,Action,2014,673000.0
predestination,https://www.youtube.com/watch?v=xxG-YfedrfU,xxG-YfedrfU,101,99,50,0.6688741721854304,R,Action,2014,262000.0
the purge anarchy,https://www.youtube.com/watch?v=XzFCDqKE4yA,XzFCDqKE4yA,93,82,76,0.5502958579881657,R,Action,2014,143000.0
it follows,https://www.youtube.com/watch?v=HkZYbOH0ujw,HkZYbOH0ujw,93,73,84,0.5254237288135594,R,Horror,2014,217000.0
blended,https://www.youtube.com/watch?v=8MuWt2X59fo,8MuWt2X59fo,141,76,33,0.8103448275862069,PG-13,Comedy,2014,124000.0
hercules,https://www.youtube.com/watch?v=ZvtspevZxpg,ZvtspevZxpg,38,44,12,0.76,PG,Adventure,1983,3600.0
hercules,https://www.youtube.com/watch?v=ZvtspevZxpg,ZvtspevZxpg,38,44,12,0.76,G,Animation,1997,212000.0
hercules,https://www.youtube.com/watch?v=ZvtspevZxpg,ZvtspevZxpg,38,44,12,0.76,PG-13,Action,2014,149000.0
the judge,https://www.youtube.com/watch?v=ZBvK6ni97W8,ZBvK6ni97W8,118,98,35,0.7712418300653595,R,Crime,2014,183000.0
annie,https://www.youtube.com/watch?v=nasLuiP-1E0,nasLuiP-1E0,112,80,56,0.6666666666666666,PG,Comedy,1982,41000.0
annie,https://www.youtube.com/watch?v=nasLuiP-1E0,nasLuiP-1E0,112,80,56,0.6666666666666666,PG,Comedy,2014,35000.0
godzilla,https://www.youtube.com/watch?v=vIu85WQTPRc,vIu85WQTPRc,101,97,52,0.6601307189542484,PG-13,Action,1998,186000.0
godzilla,https://www.youtube.com/watch?v=vIu85WQTPRc,vIu85WQTPRc,101,97,52,0.6601307189542484,PG-13,Action,2014,394000.0
the giver,https://www.youtube.com/watch?v=uxFJvlWqphM,uxFJvlWqphM,106,94,50,0.6794871794871795,PG-13,Drama,2014,114000.0
300 rise of an empire,https://www.youtube.com/watch?v=2zqy21Z29ps,2zqy21Z29ps,98,104,48,0.6712328767123288,R,Action,2014,286000.0
american sniper,https://www.youtube.com/watch?v=99k3u9ay1gs,99k3u9ay1gs,79,94,78,0.5031847133757962,R,Action,2014,451000.0
love rosie,https://www.youtube.com/watch?v=5zL3YJKygd4,5zL3YJKygd4,129,76,45,0.7413793103448276,R,Comedy,2014,127000.0
the amazing spiderman 2,https://www.youtube.com/watch?v=nbp3Ra3Yp74,nbp3Ra3Yp74,137,78,36,0.791907514450867,PG-13,Action,2014,427000.0
maleficent,https://www.youtube.com/watch?v=w-XO4XiRop0,w-XO4XiRop0,112,107,32,0.7777777777777778,PG,Action,2014,353000.0
into the woods,https://www.youtube.com/watch?v=2Byk9Is3TjY,2Byk9Is3TjY,116,77,57,0.6705202312138728,PG,Adventure,2014,135000.0
unbroken,https://www.youtube.com/watch?v=XrjJbl7kRrI,XrjJbl7kRrI,118,77,55,0.6820809248554913,PG-13,Action,2014,155000.0
the hunger games mockingjay part 1,https://www.youtube.com/watch?v=3PkkHsuMrho,3PkkHsuMrho,86,114,50,0.6323529411764706,PG-13,Action,2014,424000.0
tusk,https://www.youtube.com/watch?v=BCQJnOn0ru0,BCQJnOn0ru0,68,106,77,0.4689655172413793,R,Comedy,2014,48000.0
night at the museum secret of the tomb,https://www.youtube.com/watch?v=KMKk7Dn__-Y,KMKk7Dn__-Y,86,124,38,0.6935483870967742,PG,Adventure,2014,111000.0
the fault in our stars,https://www.youtube.com/watch?v=9ItBvH5J6ss,9ItBvH5J6ss,96,102,52,0.6486486486486487,PG-13,Drama,2014,352000.0
as above so below,https://www.youtube.com/watch?v=Fq358xHbzN4,Fq358xHbzN4,101,87,62,0.6196319018404908,R,Horror,2014,83000.0
annabelle,https://www.youtube.com/watch?v=paFgQNPGlsg,paFgQNPGlsg,65,144,41,0.6132075471698113,R,Horror,2014,147000.0
boyhood,https://www.youtube.com/watch?v=Y0oX0xiwOv8,Y0oX0xiwOv8,139,68,43,0.7637362637362637,R,Drama,2014,341000.0
the theory of everything,https://www.youtube.com/watch?v=Salz7uGp72c,Salz7uGp72c,84,117,49,0.631578947368421,PG-13,Biography,2014,417000.0
the expendables 3,https://www.youtube.com/watch?v=4xD0junWlFc,4xD0junWlFc,95,100,55,0.6333333333333333,PG-13,Action,2014,173000.0
the interview,https://www.youtube.com/watch?v=frsvWVEHowg,frsvWVEHowg,89,105,56,0.6137931034482759,R,Action,2014,313000.0
the drop,https://www.youtube.com/watch?v=Iy_ogNiryZ8,Iy_ogNiryZ8,133,75,42,0.76,R,Crime,2014,146000.0
transformers age of extinction,https://www.youtube.com/watch?v=T9bQCAWahLk,T9bQCAWahLk,90,68,38,0.703125,PG-13,Action,2014,302000.0
inherent vice,https://www.youtube.com/watch?v=wZfs22E7JmI,wZfs22E7JmI,135,84,31,0.8132530120481928,R,Comedy,2014,97000.0
neighbors,https://www.youtube.com/watch?v=KrAf5ALLxGI,KrAf5ALLxGI,80,83,43,0.6504065040650406,R,Comedy,1981,7600.0
neighbors,https://www.youtube.com/watch?v=KrAf5ALLxGI,KrAf5ALLxGI,80,83,43,0.6504065040650406,R,Comedy,2014,294000.0
the babadook,https://www.youtube.com/watch?v=k5WQZzDRVtw,k5WQZzDRVtw,85,82,84,0.5029585798816568,Not Rated,Drama,2014,203000.0
sex tape,https://www.youtube.com/watch?v=sxl4aOyHSwo,sxl4aOyHSwo,82,106,61,0.5734265734265734,R,Comedy,2014,109000.0
the other woman,https://www.youtube.com/watch?v=BlHMHLuJWbo,BlHMHLuJWbo,96,112,42,0.6956521739130435,PG-13,Comedy,2014,133000.0
wild tales,https://www.youtube.com/watch?v=Utq0aDEp084,Utq0aDEp084,98,117,35,0.7368421052631579,R,Comedy,2014,184000.0
wild,https://www.youtube.com/watch?v=xOPl8gKdmYE,xOPl8gKdmYE,43,34,17,0.7166666666666667,R,Adventure,2014,123000.0
foxcatcher,https://www.youtube.com/watch?v=8361stZ8n0w,8361stZ8n0w,106,86,58,0.6463414634146342,R,Biography,2014,137000.0
the guest,https://www.youtube.com/watch?v=y0E2Qh6wLS4,y0E2Qh6wLS4,112,82,56,0.6666666666666666,R,Action,2014,95000.0
teenage mutant ninja turtles,https://www.youtube.com/watch?v=IHvzw4Ibuho,IHvzw4Ibuho,96,103,51,0.6530612244897959,PG,Action,1990,88000.0
teenage mutant ninja turtles,https://www.youtube.com/watch?v=IHvzw4Ibuho,IHvzw4Ibuho,96,103,51,0.6530612244897959,PG-13,Action,2014,203000.0
robocop,https://www.youtube.com/watch?v=IqvRDhW-XVA,IqvRDhW-XVA,72,107,12,0.8571428571428571,R,Action,1987,240000.0
robocop,https://www.youtube.com/watch?v=IqvRDhW-XVA,IqvRDhW-XVA,72,107,12,0.8571428571428571,PG-13,Action,2014,219000.0
22 jump street,https://www.youtube.com/watch?v=qP755JkDxyM,qP755JkDxyM,108,106,36,0.75,R,Action,2014,354000.0
dawn of the planet of the apes,https://www.youtube.com/watch?v=DpSaTrW4leg,DpSaTrW4leg,66,161,23,0.7415730337078652,PG-13,Action,2014,419000.0
sin city a dame to kill for,https://www.youtube.com/watch?v=nqRRF5y94uE,nqRRF5y94uE,98,76,76,0.5632183908045977,R,Action,2014,155000.0
brick mansions,https://www.youtube.com/watch?v=WwkUQrIBLCY,WwkUQrIBLCY,72,118,59,0.549618320610687,PG-13,Action,2014,41000.0
vampire academy,https://www.youtube.com/watch?v=Gw_xrllOGu0,Gw_xrllOGu0,112,66,72,0.6086956521739131,PG-13,Action,2014,53000.0
the monuments men,https://www.youtube.com/watch?v=SziPDANik18,SziPDANik18,13,17,7,0.65,PG-13,Comedy,2014,127000.0
honeymoon,https://www.youtube.com/watch?v=D5gZITLI7EE,D5gZITLI7EE,2,2,2,0.5,R,Drama,2014,25000.0
dumb and dumber to,https://www.youtube.com/watch?v=dmNddThxi4c,dmNddThxi4c,95,98,57,0.625,PG-13,Comedy,2014,131000.0
before we go,https://www.youtube.com/watch?v=vNzaiGzPoUg,vNzaiGzPoUg,133,89,28,0.8260869565217391,PG-13,Comedy,2014,54000.0
how to train your dragon 2,https://www.youtube.com/watch?v=Z9a4PvzlqoQ,Z9a4PvzlqoQ,86,121,43,0.6666666666666666,PG,Animation,2014,313000.0
noah,https://www.youtube.com/watch?v=fdu10cX3pWA,fdu10cX3pWA,100,106,44,0.6944444444444444,PG-13,Action,2014,246000.0
a walk among the tombstones,https://www.youtube.com/watch?v=aTKBowDjMQg,aTKBowDjMQg,77,61,53,0.5923076923076923,R,Action,2014,115000.0
need for speed,https://www.youtube.com/watch?v=u3wtVI-aJuw,u3wtVI-aJuw,85,127,38,0.6910569105691057,PG-13,Action,2014,165000.0
seventh son,https://www.youtube.com/watch?v=TXiNkOjM7oM,TXiNkOjM7oM,93,85,73,0.5602409638554217,PG-13,Action,2014,74000.0
exodus gods and kings,https://www.youtube.com/watch?v=t-8YsulfxVI,t-8YsulfxVI,91,118,41,0.6893939393939394,PG-13,Action,2014,162000.0
a million ways to die in the west,https://www.youtube.com/watch?v=gVfvGKol8Ns,gVfvGKol8Ns,114,91,46,0.7125,R,Comedy,2014,181000.0
the best of me,https://www.youtube.com/watch?v=cQszhfoP_WI,cQszhfoP_WI,100,81,69,0.591715976331361,PG-13,Drama,2014,68000.0
demolition,https://www.youtube.com/watch?v=3UnSXelOJo0,3UnSXelOJo0,121,82,47,0.7202380952380952,R,Comedy,2015,93000.0
daddys home,https://www.youtube.com/watch?v=arhMMJx7tCU,arhMMJx7tCU,94,69,41,0.6962962962962963,PG-13,Comedy,2015,112000.0
mr right,https://www.youtube.com/watch?v=2TatqilQ8rI,2TatqilQ8rI,148,64,38,0.7956989247311828,R,Action,2015,52000.0
magic mike xxl,https://www.youtube.com/watch?v=oLoyU3xYwbs,oLoyU3xYwbs,65,143,42,0.6074766355140186,R,Comedy,2015,53000.0
the duff,https://www.youtube.com/watch?v=ci7eKlNRiuw,ci7eKlNRiuw,114,97,39,0.7450980392156863,PG-13,Comedy,2015,87000.0
trumbo,https://www.youtube.com/watch?v=n0dZ_2ICpJE,n0dZ_2ICpJE,106,94,51,0.6751592356687898,R,Biography,2015,78000.0
knight of cups,https://www.youtube.com/watch?v=SI2j1FHCjtM,SI2j1FHCjtM,125,49,76,0.6218905472636815,R,Drama,2015,26000.0
the stanford prison experiment,https://www.youtube.com/watch?v=7LviGTHud5w,7LviGTHud5w,88,82,80,0.5238095238095238,R,Biography,2015,40000.0
the longest ride,https://www.youtube.com/watch?v=FUS_Q7FsfqU,FUS_Q7FsfqU,140,92,18,0.8860759493670886,PG-13,Drama,2015,79000.0
victor frankenstein,https://www.youtube.com/watch?v=7pxZxY_Siyc,7pxZxY_Siyc,105,110,35,0.75,PG-13,Drama,2015,54000.0
insidious chapter 3,https://www.youtube.com/watch?v=3HxEXnVSr1w,3HxEXnVSr1w,70,111,69,0.5035971223021583,PG-13,Horror,2015,97000.0
goosebumps,https://www.youtube.com/watch?v=7Cn716jv61s,7Cn716jv61s,94,119,37,0.7175572519083969,PG,Adventure,2015,83000.0
aloha,https://www.youtube.com/watch?v=O3mf_ewjc7s,O3mf_ewjc7s,106,84,60,0.6385542168674698,PG-13,Comedy,2015,64000.0
a bigger splash,https://www.youtube.com/watch?v=eBpvKfMWB-o,eBpvKfMWB-o,18,13,5,0.782608695652174,R,Drama,2015,28000.0
the wedding ringer,https://www.youtube.com/watch?v=R3TeI9jPPuA,R3TeI9jPPuA,108,85,55,0.6625766871165644,R,Comedy,2015,72000.0
sisters,https://www.youtube.com/watch?v=vRnhEjP3R-c,vRnhEjP3R-c,117,95,38,0.7548387096774194,R,Comedy,2015,64000.0
secret in their eyes,https://www.youtube.com/watch?v=TD_IlSSFVX4,TD_IlSSFVX4,73,49,24,0.7525773195876289,PG-13,Crime,2015,46000.0
irrational man,https://www.youtube.com/watch?v=5Wf-ouBdYY8,5Wf-ouBdYY8,18,6,6,0.75,R,Comedy,2015,60000.0
wild card,https://www.youtube.com/watch?v=XKW-9ORTvC4,XKW-9ORTvC4,124,87,29,0.8104575163398693,R,Action,2015,53000.0
paper towns,https://www.youtube.com/watch?v=rFGiHm5WMLk,rFGiHm5WMLk,123,95,32,0.7935483870967742,PG-13,Adventure,2015,98000.0
the lady in the van,https://www.youtube.com/watch?v=OA8tMziteZM,OA8tMziteZM,144,78,28,0.8372093023255814,PG-13,Biography,2015,27000.0
child 44,https://www.youtube.com/watch?v=Uia6y9SRsj4,Uia6y9SRsj4,104,79,67,0.6081871345029239,R,Crime,2015,68000.0
the wave,https://www.youtube.com/watch?v=QPIOV-tCaEU,QPIOV-tCaEU,87,101,63,0.58,R,Action,2015,35000.0
a man called ove,https://www.youtube.com/watch?v=dPoaN2XROk8,dPoaN2XROk8,70,32,10,0.875,PG-13,Comedy,2015,50000.0
beasts of no nation,https://www.youtube.com/watch?v=2xb9Ty-1frw,2xb9Ty-1frw,95,99,56,0.6291390728476821,TV-MA,Drama,2015,76000.0
me and earl and the dying girl,https://www.youtube.com/watch?v=2qfmAllbYC8,2qfmAllbYC8,127,64,59,0.6827956989247311,PG-13,Comedy,2015,126000.0
sleeping with other people,https://www.youtube.com/watch?v=RG3Q2ua5izw,RG3Q2ua5izw,121,74,54,0.6914285714285714,R,Comedy,2015,42000.0
concussion,https://www.youtube.com/watch?v=Io6hPdC41RM,Io6hPdC41RM,109,89,52,0.6770186335403726,PG-13,Biography,2015,89000.0
the diary of a teenage girl,https://www.youtube.com/watch?v=G2M9kqb5wVw,G2M9kqb5wVw,18,30,4,0.8181818181818182,R,Comedy,2015,30000.0
the walk,https://www.youtube.com/watch?v=GR1EmTKAWIw,GR1EmTKAWIw,109,87,54,0.6687116564417178,PG,Action,2015,123000.0
tangerine,https://www.youtube.com/watch?v=ALSwWTb88ZU,ALSwWTb88ZU,122,89,39,0.7577639751552795,R,Comedy,2015,28000.0
a walk in the woods,https://www.youtube.com/watch?v=cOF2LIAp9bw,cOF2LIAp9bw,135,75,40,0.7714285714285715,R,Adventure,2015,26000.0
sinister 2,https://www.youtube.com/watch?v=fChx_YZUAR0,fChx_YZUAR0,86,85,79,0.5212121212121212,R,Horror,2015,50000.0
summertime,https://www.youtube.com/watch?v=qDFDZE_9Mcw,qDFDZE_9Mcw,110,105,35,0.7586206896551724,Not Rated,Drama,2015,4500.0
anomalisa,https://www.youtube.com/watch?v=WQkHA3fHk_0,WQkHA3fHk_0,103,80,67,0.6058823529411764,R,Animation,2015,68000.0
the blackcoats daughter,https://www.youtube.com/watch?v=pRc_-iK3RVE,pRc_-iK3RVE,98,46,106,0.4803921568627451,R,Horror,2015,20000.0
mississippi grind,https://www.youtube.com/watch?v=7p1MNB6TNQU,7p1MNB6TNQU,21,11,3,0.875,R,Comedy,2015,22000.0
attack on titan part 1,https://www.youtube.com/watch?v=Cy87ndZWGJs,Cy87ndZWGJs,47,148,55,0.4607843137254901,Not Rated,Action,2015,13000.0
woman in gold,https://www.youtube.com/watch?v=wu9JeTX6Sdw,wu9JeTX6Sdw,61,63,29,0.6777777777777778,PG-13,Biography,2015,56000.0
eddie the eagle,https://www.youtube.com/watch?v=hyzQjVUmIxk,hyzQjVUmIxk,138,89,23,0.8571428571428571,PG-13,Biography,2015,88000.0
eye in the sky,https://www.youtube.com/watch?v=hOqeoj669xg,hOqeoj669xg,67,82,101,0.3988095238095238,R,Action,2015,81000.0
the second best exotic marigold hotel,https://www.youtube.com/watch?v=3REYWGRmLnQ,3REYWGRmLnQ,141,72,27,0.8392857142857143,PG,Comedy,2015,32000.0
tumbledown,https://www.youtube.com/watch?v=haVs8nSq6ZY,haVs8nSq6ZY,111,75,38,0.7449664429530202,R,Comedy,2015,6800.0
poltergeist,https://www.youtube.com/watch?v=9eZgEKjYJqA,9eZgEKjYJqA,87,97,66,0.5686274509803921,PG,Horror,1982,148000.0
poltergeist,https://www.youtube.com/watch?v=9eZgEKjYJqA,9eZgEKjYJqA,87,97,66,0.5686274509803921,PG-13,Horror,2015,56000.0
the meddler,https://www.youtube.com/watch?v=Y2KtQz2bhLg,Y2KtQz2bhLg,3,1,0,1.0,PG-13,Comedy,2015,12000.0
we are your friends,https://www.youtube.com/watch?v=gZzAeYWXFpk,gZzAeYWXFpk,110,107,33,0.7692307692307693,R,Drama,2015,37000.0
into the forest,https://www.youtube.com/watch?v=_TRSvK-Omwc,_TRSvK-Omwc,92,52,106,0.4646464646464646,R,Drama,2015,20000.0
grandma,https://www.youtube.com/watch?v=I0hJ7NHDglU,I0hJ7NHDglU,99,53,41,0.7071428571428572,R,Comedy,2015,15000.0
bajirao mastani,https://www.youtube.com/watch?v=eHOc-4D7MjY,eHOc-4D7MjY,117,123,10,0.9212598425196852,Not Rated,Action,2015,32000.0
by the sea,https://www.youtube.com/watch?v=y08gxV5tHUQ,y08gxV5tHUQ,51,39,46,0.5257731958762887,R,Drama,2015,19000.0
mortdecai,https://www.youtube.com/watch?v=Fi7SXfdfGtw,Fi7SXfdfGtw,54,33,16,0.7714285714285715,R,Action,2015,69000.0
ill see you in my dreams,https://www.youtube.com/watch?v=F1VbBOTXzfI,F1VbBOTXzfI,45,25,9,0.8333333333333334,PG-13,Comedy,2015,7100.0
maggie,https://www.youtube.com/watch?v=AQ5Vz8qE8R8,AQ5Vz8qE8R8,87,108,55,0.6126760563380281,PG-13,Drama,2015,43000.0
project almanac,https://www.youtube.com/watch?v=TGuLpPldJZA,TGuLpPldJZA,22,26,6,0.7857142857142857,PG-13,Drama,2015,77000.0
regression,https://www.youtube.com/watch?v=-pBwIsVGaL4,-pBwIsVGaL4,77,113,60,0.5620437956204379,R,Crime,2015,38000.0
true story,https://www.youtube.com/watch?v=MpaJIjlwgAM,MpaJIjlwgAM,41,41,32,0.5616438356164384,R,Biography,2015,65000.0
the man who knew infinity,https://www.youtube.com/watch?v=oXGm9Vlfx4w,oXGm9Vlfx4w,99,115,36,0.7333333333333333,PG-13,Biography,2015,53000.0
the transporter refueled,https://www.youtube.com/watch?v=sU5lEfAkOGM,sU5lEfAkOGM,79,94,77,0.5064102564102564,PG-13,Action,2015,40000.0
z for zachariah,https://www.youtube.com/watch?v=V4I8i1hNKKY,V4I8i1hNKKY,8,22,2,0.8,PG-13,Drama,2015,29000.0
equals,https://www.youtube.com/watch?v=_RTN3HnQV3c,_RTN3HnQV3c,76,149,24,0.76,PG-13,Drama,2015,29000.0
dope,https://www.youtube.com/watch?v=3ViVPRWRRmk,3ViVPRWRRmk,107,111,32,0.7697841726618705,R,Adventure,2015,82000.0
land of mine,https://www.youtube.com/watch?v=4Kao3t0NBMU,4Kao3t0NBMU,78,96,76,0.5064935064935064,R,Drama,2015,38000.0
hot pursuit,https://www.youtube.com/watch?v=6qBRBS8pL-w,6qBRBS8pL-w,67,55,15,0.8170731707317073,PG-13,Comedy,1987,3500.0
hot pursuit,https://www.youtube.com/watch?v=6qBRBS8pL-w,6qBRBS8pL-w,67,55,15,0.8170731707317073,PG-13,Action,2015,49000.0
krampus,https://www.youtube.com/watch?v=h6cVyoMH4QE,h6cVyoMH4QE,91,97,62,0.5947712418300654,PG-13,Comedy,2015,66000.0
bajrangi bhaijaan,https://www.youtube.com/watch?v=4nwAra0mz_Q,4nwAra0mz_Q,109,134,7,0.9396551724137931,Not Rated,Action,2015,79000.0
the lure,https://www.youtube.com/watch?v=WgWe9QVqrl0,WgWe9QVqrl0,64,77,35,0.6464646464646465,Not Rated,Drama,2015,7200.0
the gunman,https://www.youtube.com/watch?v=Ug9xufczPVE,Ug9xufczPVE,116,73,60,0.6590909090909091,R,Action,2015,40000.0
the night before,https://www.youtube.com/watch?v=kOBdxkhJvHQ,kOBdxkhJvHQ,97,118,35,0.7348484848484849,R,Comedy,2015,68000.0
90 minutes in heaven,https://www.youtube.com/watch?v=r2evZhYgPTM,r2evZhYgPTM,104,59,87,0.5445026178010471,PG-13,Drama,2015,3500.0
tale of tales,https://www.youtube.com/watch?v=UvkgHrzodTY,UvkgHrzodTY,97,91,62,0.610062893081761,R,Drama,2015,27000.0
ip man 3,https://www.youtube.com/watch?v=jckXscMwIOI,jckXscMwIOI,72,129,49,0.5950413223140496,PG-13,Action,2015,51000.0
mcfarland usa,https://www.youtube.com/watch?v=j-VAOlHGE6Q,j-VAOlHGE6Q,128,76,43,0.7485380116959064,PG,Biography,2015,36000.0
rock the kasbah,https://www.youtube.com/watch?v=jtvcb5N_kek,jtvcb5N_kek,107,78,65,0.622093023255814,R,Comedy,2015,11000.0
the sea of trees,https://www.youtube.com/watch?v=PQvC9V1eLsE,PQvC9V1eLsE,106,79,65,0.6198830409356725,PG-13,Drama,2015,15000.0
the lazarus effect,https://www.youtube.com/watch?v=1Ks6JqLzVTA,1Ks6JqLzVTA,85,86,79,0.5182926829268293,PG-13,Horror,2015,42000.0
love the coopers,https://www.youtube.com/watch?v=4kcnBmwrXGY,4kcnBmwrXGY,5,8,1,0.8333333333333334,PG-13,Comedy,2015,22000.0
the 33,https://www.youtube.com/watch?v=hOoIBOYqHyw,hOoIBOYqHyw,77,125,48,0.616,PG-13,Biography,2015,37000.0
the little prince,https://www.youtube.com/watch?v=ihi491RQo5A,ihi491RQo5A,117,83,50,0.7005988023952096,PG,Animation,2015,58000.0
louder than bombs,https://www.youtube.com/watch?v=4I1l_J9QuVk,4I1l_J9QuVk,91,115,45,0.6691176470588235,R,Drama,2015,12000.0
the gallows,https://www.youtube.com/watch?v=_QM2f5VksNU,_QM2f5VksNU,73,83,91,0.4451219512195122,R,Horror,2015,20000.0
the ones below,https://www.youtube.com/watch?v=mkbT3WoPSzc,mkbT3WoPSzc,69,69,59,0.5390625,R,Drama,2015,9700.0
southbound,https://www.youtube.com/watch?v=skNeUjtjD6Y,skNeUjtjD6Y,100,53,96,0.5102040816326531,R,Horror,2015,17000.0
men chicken,https://www.youtube.com/watch?v=v8DqgXTWtGQ,v8DqgXTWtGQ,7,3,5,0.5833333333333334,Not Rated,Comedy,2015,11000.0
hyena road,https://www.youtube.com/watch?v=b8VzcYpgbGs,b8VzcYpgbGs,86,87,65,0.5695364238410596,R,Action,2015,7300.0
slow west,https://www.youtube.com/watch?v=pFfsTsdJfF8,pFfsTsdJfF8,124,85,41,0.7515151515151515,R,Action,2015,44000.0
the end of the tour,https://www.youtube.com/watch?v=9Jl6qBNfQC4,9Jl6qBNfQC4,5,3,3,0.625,R,Biography,2015,29000.0
cop car,https://www.youtube.com/watch?v=MBK_9GlVlc0,MBK_9GlVlc0,26,34,21,0.5531914893617021,R,Crime,2015,31000.0
jem and the holograms,https://www.youtube.com/watch?v=yaPgK073xEg,yaPgK073xEg,82,92,77,0.5157232704402516,PG,Adventure,2015,7500.0
cemetery of splendor,https://www.youtube.com/watch?v=lnBu0wgl5ZI,lnBu0wgl5ZI,4,6,1,0.8,Unrated,Drama,2015,4400.0
captive,https://www.youtube.com/watch?v=PVG1q4YXxSE,PVG1q4YXxSE,0,1,0,0.0,PG-13,Action,2015,6500.0
our brand is crisis,https://www.youtube.com/watch?v=BLZo_ILZhfk,BLZo_ILZhfk,97,95,58,0.6258064516129033,R,Comedy,2015,21000.0
unfinished business,https://www.youtube.com/watch?v=8yb9Dn2mnMg,8yb9Dn2mnMg,123,87,40,0.754601226993865,R,Comedy,2015,33000.0
hot tub time machine 2,https://www.youtube.com/watch?v=BNJ-UxlKXGY,BNJ-UxlKXGY,101,86,63,0.6158536585365854,R,Comedy,2015,38000.0
ricki and the flash,https://www.youtube.com/watch?v=x8PVK6Hky2A,x8PVK6Hky2A,111,82,54,0.6727272727272727,PG-13,Comedy,2015,23000.0
mr holmes,https://www.youtube.com/watch?v=0G1lIBgk4PA,0G1lIBgk4PA,112,101,37,0.7516778523489933,PG,Drama,2015,62000.0
45 years,https://www.youtube.com/watch?v=qXAnjA9tAnQ,qXAnjA9tAnQ,30,13,15,0.6666666666666666,R,Drama,2015,32000.0
mothers day,https://www.youtube.com/watch?v=2BPr217zLps,2BPr217zLps,104,108,38,0.7323943661971831,PG-13,Comedy,2016,35000.0
the magnificent seven,https://www.youtube.com/watch?v=q-RBA0xoaWU,q-RBA0xoaWU,120,85,45,0.7272727272727273,PG-13,Action,2016,191000.0
captain america civil war,https://www.youtube.com/watch?v=dKrVegVI0Us,dKrVegVI0Us,110,90,50,0.6875,PG-13,Action,2016,694000.0
dont breathe,https://www.youtube.com/watch?v=76yBTNDB6vU,76yBTNDB6vU,88,83,79,0.5269461077844312,R,Crime,2016,235000.0
a united kingdom,https://www.youtube.com/watch?v=LKPDNKdpys8,LKPDNKdpys8,24,15,8,0.75,PG-13,Biography,2016,15000.0
julieta,https://www.youtube.com/watch?v=yoi4dbpqZmg,yoi4dbpqZmg,13,8,7,0.65,R,Drama,2016,30000.0
busters mal heart,https://www.youtube.com/watch?v=K9S9F5DRhbg,K9S9F5DRhbg,92,116,42,0.6865671641791045,Unrated,Crime,2016,9400.0
complete unknown,https://www.youtube.com/watch?v=HhR74Y1uDr8,HhR74Y1uDr8,88,114,48,0.6470588235294118,R,Drama,2016,5800.0
this beautiful fantastic,https://www.youtube.com/watch?v=Rq_7LPpKcT8,Rq_7LPpKcT8,123,102,25,0.831081081081081,PG,Comedy,2016,10000.0
incarnate,https://www.youtube.com/watch?v=g10LD3Xsh2Q,g10LD3Xsh2Q,97,87,66,0.5950920245398773,PG-13,Horror,2016,12000.0
the innocents,https://www.youtube.com/watch?v=DU3BR_9WMgI,DU3BR_9WMgI,87,48,46,0.6541353383458647,PG-13,Drama,2016,10000.0
thor ragnarok,https://www.youtube.com/watch?v=ue80QwXMRHg,ue80QwXMRHg,113,101,37,0.7533333333333333,PG-13,Action,2017,628000.0
darkest hour,https://www.youtube.com/watch?v=LtJ60u7SUSw,LtJ60u7SUSw,73,82,96,0.4319526627218935,PG-13,Biography,2017,179000.0
the hitmans bodyguard,https://www.youtube.com/watch?v=IpKmt4MpctM,IpKmt4MpctM,88,99,63,0.5827814569536424,R,Action,2017,203000.0
it,https://www.youtube.com/watch?v=xKJmEC5ieOk,xKJmEC5ieOk,89,117,44,0.6691729323308271,R,Horror,2017,478000.0
spiderman homecoming,https://www.youtube.com/watch?v=rk-dF1lIbIg,rk-dF1lIbIg,111,85,54,0.6727272727272727,PG-13,Action,2017,540000.0
blade runner 2049,https://www.youtube.com/watch?v=gCcx85zbxz4,gCcx85zbxz4,88,111,51,0.6330935251798561,R,Action,2017,486000.0
guardians of the galaxy vol 2,https://www.youtube.com/watch?v=dW1BIid8Osg,dW1BIid8Osg,120,102,28,0.8108108108108109,PG-13,Action,2017,596000.0
jumanji welcome to the jungle,https://www.youtube.com/watch?v=2QKg5SZ_35I,2QKg5SZ_35I,118,96,36,0.7662337662337663,PG-13,Action,2017,336000.0
baywatch,https://www.youtube.com/watch?v=eyKOgnaf0BU,eyKOgnaf0BU,96,122,32,0.75,R,Action,2017,170000.0
home again,https://www.youtube.com/watch?v=W1fklW6lESw,W1fklW6lESw,106,103,41,0.7210884353741497,PG-13,Comedy,2017,30000.0
the fate of the furious,https://www.youtube.com/watch?v=JwMKRevYa_M,JwMKRevYa_M,89,89,72,0.5527950310559007,PG-13,Action,2017,214000.0
get out,https://www.youtube.com/watch?v=DzfpyUB60YY,DzfpyUB60YY,99,83,68,0.592814371257485,R,Horror,2017,517000.0
dunkirk,https://www.youtube.com/watch?v=F-eMt3SrfFU,F-eMt3SrfFU,84,107,59,0.5874125874125874,PG-13,Action,2017,582000.0
baby driver,https://www.youtube.com/watch?v=zTvJJnoWIPk,zTvJJnoWIPk,99,101,50,0.6644295302013423,R,Action,2017,466000.0
logan,https://www.youtube.com/watch?v=Div0iP65aZo,Div0iP65aZo,126,99,25,0.8344370860927153,R,Action,2017,674000.0
wonder woman,https://www.youtube.com/watch?v=1Q8fG0TtVAY,1Q8fG0TtVAY,103,123,25,0.8046875,PG-13,Action,2017,600000.0
alien covenant,https://www.youtube.com/watch?v=svnAD0TApb8,svnAD0TApb8,70,114,67,0.5109489051094891,R,Horror,2017,261000.0
john wick chapter 2,https://www.youtube.com/watch?v=ChpLV9AMqm4,ChpLV9AMqm4,84,120,46,0.6461538461538462,R,Action,2017,385000.0
wonder,https://www.youtube.com/watch?v=ngiK1gQKgK8,ngiK1gQKgK8,117,96,37,0.7597402597402597,PG,Drama,2017,150000.0
justice league,https://www.youtube.com/watch?v=3cxixDgHUYw,3cxixDgHUYw,86,112,52,0.6231884057971014,PG-13,Action,2017,418000.0
mother,https://www.youtube.com/watch?v=XpICoc65uh0,XpICoc65uh0,88,69,93,0.4861878453038674,R,Drama,2017,200000.0
pirates of the caribbean dead men tell no tales,https://www.youtube.com/watch?v=Hgeu5rhoxxY,Hgeu5rhoxxY,98,94,58,0.6282051282051282,PG-13,Action,2017,275000.0
the shape of water,https://www.youtube.com/watch?v=XFYWazblaUA,XFYWazblaUA,127,85,38,0.7696969696969697,R,Adventure,2017,386000.0
disobedience,https://www.youtube.com/watch?v=HEVonh8bjC0,HEVonh8bjC0,113,92,45,0.7151898734177216,R,Drama,2017,27000.0
kong skull island,https://www.youtube.com/watch?v=44LdLqgOpjo,44LdLqgOpjo,99,113,38,0.7226277372262774,PG-13,Action,2017,293000.0
kingsman the golden circle,https://www.youtube.com/watch?v=6Nxc-3WpMbg,6Nxc-3WpMbg,123,91,36,0.7735849056603774,R,Action,2017,286000.0
three billboards outside ebbing missouri,https://www.youtube.com/watch?v=3aZ3r-84EQc,3aZ3r-84EQc,14,4,7,0.6666666666666666,R,Comedy,2017,456000.0
beast,https://www.youtube.com/watch?v=oQMc7Sq36mI,oQMc7Sq36mI,67,79,104,0.391812865497076,R,Crime,2017,11000.0
i tonya,https://www.youtube.com/watch?v=OXZQ5DfSAAc,OXZQ5DfSAAc,105,95,51,0.6730769230769231,R,Biography,2017,193000.0
atomic blonde,https://www.youtube.com/watch?v=yIUube1pSC0,yIUube1pSC0,117,96,37,0.7597402597402597,R,Action,2017,182000.0
wind river,https://www.youtube.com/watch?v=s7WuKdVhrmA,s7WuKdVhrmA,128,55,67,0.6564102564102564,R,Crime,2017,217000.0
murder on the orient express,https://www.youtube.com/watch?v=Mq4m3yAoW8E,Mq4m3yAoW8E,104,91,55,0.6540880503144654,PG-13,Crime,2017,221000.0
king arthur legend of the sword,https://www.youtube.com/watch?v=jIM4-HLtUM0,jIM4-HLtUM0,155,52,43,0.7828282828282829,PG-13,Action,2017,200000.0
lady bird,https://www.youtube.com/watch?v=cNi_HC839Wo,cNi_HC839Wo,125,80,45,0.7352941176470589,R,Comedy,2017,254000.0
the killing of a sacred deer,https://www.youtube.com/watch?v=CQFdGfwChtw,CQFdGfwChtw,81,43,127,0.3894230769230769,R,Drama,2017,132000.0
logan lucky,https://www.youtube.com/watch?v=aPzvKH8AVf0,aPzvKH8AVf0,118,80,52,0.6941176470588235,PG-13,Comedy,2017,137000.0
fifty shades darker,https://www.youtube.com/watch?v=vnLqJLeTMVU,vnLqJLeTMVU,91,109,50,0.6453900709219859,R,Drama,2017,95000.0
happy death day,https://www.youtube.com/watch?v=1NTaDm3atkc,1NTaDm3atkc,87,109,54,0.6170212765957447,PG-13,Comedy,2017,124000.0
transformers the last knight,https://www.youtube.com/watch?v=AntcyqJ6brc,AntcyqJ6brc,90,90,70,0.5625,PG-13,Action,2017,140000.0
good time,https://www.youtube.com/watch?v=AVyGCxHZ_Ko,AVyGCxHZ_Ko,141,64,45,0.7580645161290323,R,Crime,2017,100000.0
ghost in the shell,https://www.youtube.com/watch?v=tRkb1X9ovI4,tRkb1X9ovI4,118,71,61,0.659217877094972,TV-MA,Animation,1995,133000.0
ghost in the shell,https://www.youtube.com/watch?v=tRkb1X9ovI4,tRkb1X9ovI4,118,71,61,0.659217877094972,PG-13,Action,2017,202000.0
mollys game,https://www.youtube.com/watch?v=Vu4UPet8Nyc,Vu4UPet8Nyc,135,89,26,0.8385093167701864,R,Biography,2017,153000.0
hostiles,https://www.youtube.com/watch?v=1M5cj4UmscE,1M5cj4UmscE,136,60,54,0.7157894736842105,R,Drama,2017,76000.0
valerian and the city of a thousand planets,https://www.youtube.com/watch?v=NNrK7xVG3PM,NNrK7xVG3PM,129,72,49,0.7247191011235955,PG-13,Action,2017,168000.0
the dark tower,https://www.youtube.com/watch?v=GjwfqXTebIY,GjwfqXTebIY,93,88,69,0.5740740740740741,PG-13,Action,2017,131000.0
pitch perfect 3,https://www.youtube.com/watch?v=aVsOXRgjeeU,aVsOXRgjeeU,108,96,46,0.7012987012987013,PG-13,Comedy,2017,58000.0
american assassin,https://www.youtube.com/watch?v=r9rNf-cLWKU,r9rNf-cLWKU,107,86,57,0.6524390243902439,R,Action,2017,75000.0
you were never really here,https://www.youtube.com/watch?v=R8oYYg75Qvg,R8oYYg75Qvg,108,64,78,0.5806451612903226,R,Crime,2017,109000.0
the florida project,https://www.youtube.com/watch?v=WwQ-NH1rRT4,WwQ-NH1rRT4,116,70,64,0.6444444444444445,R,Drama,2017,101000.0
life,https://www.youtube.com/watch?v=cuA-xqBw4jE,cuA-xqBw4jE,86,86,78,0.524390243902439,R,Comedy,1999,47000.0
life,https://www.youtube.com/watch?v=cuA-xqBw4jE,cuA-xqBw4jE,86,86,78,0.524390243902439,R,Horror,2017,213000.0
gifted,https://www.youtube.com/watch?v=x7CAjpdRaXU,x7CAjpdRaXU,116,101,33,0.7785234899328859,PG-13,Drama,2017,105000.0
phantom thread,https://www.youtube.com/watch?v=xNsiQMeSvMk,xNsiQMeSvMk,118,93,39,0.7515923566878981,R,Drama,2017,118000.0
the upside,https://www.youtube.com/watch?v=EWw7rCHcduQ,EWw7rCHcduQ,127,76,47,0.7298850574712644,PG-13,Comedy,2017,49000.0
berlin syndrome,https://www.youtube.com/watch?v=Y8tpKbrN9Uo,Y8tpKbrN9Uo,94,99,57,0.6225165562913907,R,Drama,2017,23000.0
annabelle creation,https://www.youtube.com/watch?v=KisPhy7T__Q,KisPhy7T__Q,71,114,65,0.5220588235294118,R,Horror,2017,120000.0
american made,https://www.youtube.com/watch?v=AEBIJRAkujM,AEBIJRAkujM,118,76,56,0.6781609195402298,R,Action,2017,165000.0
war for the planet of the apes,https://www.youtube.com/watch?v=qxjPjPzQ1iU,qxjPjPzQ1iU,84,103,63,0.5714285714285714,PG-13,Action,2017,235000.0
geostorm,https://www.youtube.com/watch?v=EuOlYPSEzSc,EuOlYPSEzSc,86,122,42,0.671875,PG-13,Action,2017,99000.0
the circle,https://www.youtube.com/watch?v=QUlr8Am4zQ0,QUlr8Am4zQ0,81,101,68,0.5436241610738255,PG-13,Drama,2017,87000.0
rough night,https://www.youtube.com/watch?v=oIB4jNYeRY4,oIB4jNYeRY4,98,98,54,0.6447368421052632,R,Comedy,2017,49000.0
xxx return of xander cage,https://www.youtube.com/watch?v=-ziu6JzJTZ0,-ziu6JzJTZ0,99,128,23,0.8114754098360656,PG-13,Action,2017,88000.0
the mummy,https://www.youtube.com/watch?v=IjHgzkQM2Sg,IjHgzkQM2Sg,103,89,58,0.639751552795031,PG-13,Action,1999,401000.0
the mummy,https://www.youtube.com/watch?v=IjHgzkQM2Sg,IjHgzkQM2Sg,103,89,58,0.639751552795031,PG-13,Action,2017,177000.0
chips,https://www.youtube.com/watch?v=nmgeiznfdLI,nmgeiznfdLI,91,77,82,0.5260115606936416,R,Action,2017,44000.0
only the brave,https://www.youtube.com/watch?v=mQj4BkYf-HM,mQj4BkYf-HM,99,63,53,0.6513157894736842,PG-13,Action,2017,62000.0
the beguiled,https://www.youtube.com/watch?v=GRKXyeoWfco,GRKXyeoWfco,104,84,62,0.6265060240963856,R,Drama,2017,54000.0
the glass castle,https://www.youtube.com/watch?v=GoR2Nm43wRA,GoR2Nm43wRA,72,43,33,0.6857142857142857,PG-13,Biography,2017,31000.0
papillon,https://www.youtube.com/watch?v=xqj7XOv9mC8,xqj7XOv9mC8,112,103,35,0.7619047619047619,R,Adventure,2017,63000.0
the big sick,https://www.youtube.com/watch?v=jcD0Daqc3Yw,jcD0Daqc3Yw,126,77,48,0.7241379310344828,R,Comedy,2017,126000.0
the endless,https://www.youtube.com/watch?v=Ur8UgpvRPXU,Ur8UgpvRPXU,123,72,55,0.6910112359550562,Not Rated,Drama,2017,37000.0
thoroughbreds,https://www.youtube.com/watch?v=TPcV_3D3V2A,TPcV_3D3V2A,120,64,66,0.6451612903225806,R,Comedy,2017,38000.0
the foreigner,https://www.youtube.com/watch?v=r_rSAbYyIq0,r_rSAbYyIq0,114,81,55,0.6745562130177515,R,Action,2017,106000.0
revenge,https://www.youtube.com/watch?v=kHIaORMG-AM,kHIaORMG-AM,81,119,49,0.6230769230769231,R,Action,1990,17000.0
revenge,https://www.youtube.com/watch?v=kHIaORMG-AM,kHIaORMG-AM,81,119,49,0.6230769230769231,R,Action,2017,39000.0
jigsaw,https://www.youtube.com/watch?v=vPP6aIw1vgY,vPP6aIw1vgY,82,120,48,0.6307692307692307,R,Crime,2017,73000.0
the snowman,https://www.youtube.com/watch?v=c44kam_8N3I,c44kam_8N3I,64,87,99,0.3926380368098159,R,Crime,2017,60000.0
the disaster artist,https://www.youtube.com/watch?v=cMKX2tE5Luk,cMKX2tE5Luk,120,93,37,0.7643312101910829,R,Biography,2017,143000.0
47 meters down,https://www.youtube.com/watch?v=LBmBcASLdK8,LBmBcASLdK8,98,83,69,0.5868263473053892,PG-13,Adventure,2017,51000.0
the post,https://www.youtube.com/watch?v=nrXlY6gzTTM,nrXlY6gzTTM,83,121,46,0.6434108527131783,PG-13,Drama,2017,141000.0
everything everything,https://www.youtube.com/watch?v=42KNwQ6u42U,42KNwQ6u42U,117,107,26,0.8181818181818182,PG-13,Drama,2017,35000.0
a ghost story,https://www.youtube.com/watch?v=c_3NMtxeyfk,c_3NMtxeyfk,111,55,84,0.5692307692307692,R,Drama,2017,64000.0
sweet virginia,https://www.youtube.com/watch?v=Jz3E_CCaAXo,Jz3E_CCaAXo,37,23,5,0.8809523809523809,R,Action,2017,9200.0
power rangers,https://www.youtube.com/watch?v=5kIe6UZHSXw,5kIe6UZHSXw,97,104,49,0.6643835616438356,PG-13,Action,2017,104000.0
lucky,https://www.youtube.com/watch?v=2KLLkj84GAo,2KLLkj84GAo,120,73,28,0.8108108108108109,Not Rated,Comedy,2017,21000.0
all the money in the world,https://www.youtube.com/watch?v=KXHrCBkIxQQ,KXHrCBkIxQQ,110,98,42,0.7236842105263158,R,Biography,2017,79000.0
suburbicon,https://www.youtube.com/watch?v=IYga2m0V2O0,IYga2m0V2O0,70,85,95,0.4242424242424242,R,Comedy,2017,42000.0
it comes at night,https://www.youtube.com/watch?v=6YOYHCBQn9g,6YOYHCBQn9g,69,75,106,0.3942857142857143,R,Horror,2017,87000.0
before i fall,https://www.youtube.com/watch?v=q3Zyy4ZXegE,q3Zyy4ZXegE,142,69,39,0.7845303867403315,PG-13,Drama,2017,48000.0
lean on pete,https://www.youtube.com/watch?v=nzlazAyylw8,nzlazAyylw8,104,58,40,0.7222222222222222,R,Adventure,2017,12000.0
take me,https://www.youtube.com/watch?v=mo3A0whi0tI,mo3A0whi0tI,108,92,50,0.6835443037974683,TV-MA,Comedy,2017,4900.0
the last movie star,https://www.youtube.com/watch?v=S_lN0-gtWF4,S_lN0-gtWF4,115,73,40,0.7419354838709677,R,Drama,2017,3700.0
along with the gods the two worlds,https://www.youtube.com/watch?v=sD7dmu-IWNw,sD7dmu-IWNw,102,109,39,0.723404255319149,Not Rated,Action,2017,13000.0
first man,https://www.youtube.com/watch?v=PSoRx87OO6k,PSoRx87OO6k,93,86,71,0.5670731707317073,PG-13,Biography,2018,176000.0
rampage,https://www.youtube.com/watch?v=coOKvrsmQiI,coOKvrsmQiI,114,95,41,0.7354838709677419,R,Drama,1987,2000.0
rampage,https://www.youtube.com/watch?v=coOKvrsmQiI,coOKvrsmQiI,114,95,41,0.7354838709677419,PG-13,Action,2018,151000.0
everybody knows,https://www.youtube.com/watch?v=L68mUxKuAnA,L68mUxKuAnA,42,31,20,0.6774193548387096,R,Crime,2018,31000.0
mid90s,https://www.youtube.com/watch?v=w9Rx6-GaSIE,w9Rx6-GaSIE,99,120,31,0.7615384615384615,R,Comedy,2018,54000.0
replicas,https://www.youtube.com/watch?v=JAHKQPBKSZ8,JAHKQPBKSZ8,103,70,77,0.5722222222222222,PG-13,Drama,2018,34000.0
widows,https://www.youtube.com/watch?v=nN2yBBSRC78,nN2yBBSRC78,115,89,47,0.7098765432098766,R,Crime,2018,91000.0
burning,https://www.youtube.com/watch?v=oihHs2Errwk,oihHs2Errwk,119,86,45,0.725609756097561,Not Rated,Drama,2018,54000.0
searching,https://www.youtube.com/watch?v=3Ro9ebQxEOY,3Ro9ebQxEOY,125,74,51,0.7102272727272727,PG-13,Drama,2018,148000.0
life itself,https://www.youtube.com/watch?v=b5kwtJkUdpA,b5kwtJkUdpA,148,58,44,0.7708333333333334,R,Drama,2018,19000.0
blockers,https://www.youtube.com/watch?v=RfFcaV5O7SU,RfFcaV5O7SU,118,83,49,0.7065868263473054,R,Comedy,2018,74000.0
the strangers prey at night,https://www.youtube.com/watch?v=91-Z20uttEk,91-Z20uttEk,91,75,84,0.52,R,Horror,2018,28000.0
peppermint,https://www.youtube.com/watch?v=sdL70wkf_H0,sdL70wkf_H0,113,74,63,0.6420454545454546,R,Action,2018,60000.0
every day,https://www.youtube.com/watch?v=dRvKm__GrqU,dRvKm__GrqU,152,70,27,0.8491620111731844,PG-13,Drama,2018,20000.0
operation finale,https://www.youtube.com/watch?v=07Y4_6PD0Z4,07Y4_6PD0Z4,104,98,48,0.6842105263157895,PG-13,Biography,2018,36000.0
shoplifters,https://www.youtube.com/watch?v=9382rwoMiRc,9382rwoMiRc,109,98,43,0.7171052631578947,R,Crime,2018,68000.0
blindspotting,https://www.youtube.com/watch?v=-9-HBqVbtTo,-9-HBqVbtTo,97,83,70,0.5808383233532934,R,Comedy,2018,29000.0
the sisters brothers,https://www.youtube.com/watch?v=3OwvqKwTKmE,3OwvqKwTKmE,119,86,45,0.725609756097561,R,Crime,2018,58000.0
the nightingale,https://www.youtube.com/watch?v=YuP8g_GQIgI,YuP8g_GQIgI,82,51,117,0.4120603015075377,R,Adventure,2018,24000.0
greta,https://www.youtube.com/watch?v=WAEoJkL_8zU,WAEoJkL_8zU,110,75,65,0.6285714285714286,R,Drama,2018,30000.0
i feel pretty,https://www.youtube.com/watch?v=cVx9EFK3DWE,cVx9EFK3DWE,154,68,28,0.8461538461538461,PG-13,Comedy,2018,51000.0
hotel artemis,https://www.youtube.com/watch?v=JqfuKsoEEms,JqfuKsoEEms,106,100,44,0.7066666666666667,R,Action,2018,49000.0
slender man,https://www.youtube.com/watch?v=ySy8mcceTno,ySy8mcceTno,82,98,71,0.5359477124183006,PG-13,Horror,2018,30000.0
trial by fire,https://www.youtube.com/watch?v=rrq6SOwyr5s,rrq6SOwyr5s,36,29,41,0.4675324675324675,R,Biography,2018,7200.0
american woman,https://www.youtube.com/watch?v=g_cy_HH83z4,g_cy_HH83z4,31,19,11,0.7380952380952381,R,Drama,2018,5800.0
book club,https://www.youtube.com/watch?v=LDxgPIsv6sY,LDxgPIsv6sY,136,62,52,0.723404255319149,PG-13,Comedy,2018,26000.0
slaughterhouse rulez,https://www.youtube.com/watch?v=xVzhqPC-CCM,xVzhqPC-CCM,80,116,55,0.5925925925925926,R,Action,2018,13000.0
sorry to bother you,https://www.youtube.com/watch?v=enH3xA4mYcY,enH3xA4mYcY,107,79,64,0.6257309941520468,R,Comedy,2018,69000.0
pacific rim uprising,https://www.youtube.com/watch?v=_EhiLLOhVis,_EhiLLOhVis,106,89,55,0.6583850931677019,PG-13,Action,2018,110000.0
holmes watson,https://www.youtube.com/watch?v=sP5cLX2FLdM,sP5cLX2FLdM,48,35,42,0.5333333333333333,PG-13,Comedy,2018,33000.0
the darkest minds,https://www.youtube.com/watch?v=tN8o_E_f9FQ,tN8o_E_f9FQ,90,107,54,0.625,PG-13,Action,2018,30000.0
cold war,https://www.youtube.com/watch?v=8ImvkXgGVWw,8ImvkXgGVWw,114,100,36,0.76,R,Drama,2018,52000.0
truth or dare,https://www.youtube.com/watch?v=Cgnk3MLw9TM,Cgnk3MLw9TM,92,114,44,0.6764705882352942,PG-13,Horror,2018,50000.0
alpha,https://www.youtube.com/watch?v=uIxnTi4GmCo,uIxnTi4GmCo,131,78,41,0.7616279069767442,PG-13,Action,2018,58000.0
at eternitys gate,https://www.youtube.com/watch?v=T77PDm3e1iE,T77PDm3e1iE,83,125,42,0.664,PG-13,Biography,2018,31000.0
overboard,https://www.youtube.com/watch?v=HH6OuDYKWNE,HH6OuDYKWNE,122,101,28,0.8133333333333334,PG,Comedy,1987,55000.0
overboard,https://www.youtube.com/watch?v=HH6OuDYKWNE,HH6OuDYKWNE,122,101,28,0.8133333333333334,PG-13,Comedy,2018,36000.0
summer of 84,https://www.youtube.com/watch?v=Dll3huSYn9Y,Dll3huSYn9Y,16,14,6,0.7272727272727273,Not Rated,Drama,2018,36000.0
arctic,https://www.youtube.com/watch?v=N5aD9ppoQIo,N5aD9ppoQIo,122,77,51,0.7052023121387283,PG-13,Adventure,2018,46000.0
a wrinkle in time,https://www.youtube.com/watch?v=UhZ56rcWwRQ,UhZ56rcWwRQ,102,84,64,0.6144578313253012,PG,Adventure,2018,42000.0
london fields,https://www.youtube.com/watch?v=kPYZn-6WI8o,kPYZn-6WI8o,87,85,78,0.5272727272727272,R,Crime,2018,7800.0
andhadhun,https://www.youtube.com/watch?v=2iVYI99VGaw,2iVYI99VGaw,85,140,25,0.7727272727272727,Not Rated,Crime,2018,79000.0
hotel mumbai,https://www.youtube.com/watch?v=A8IxhVslvro,A8IxhVslvro,73,95,82,0.4709677419354838,R,Action,2018,57000.0
life of the party,https://www.youtube.com/watch?v=T1B1CxmAXLk,T1B1CxmAXLk,110,70,70,0.6111111111111112,PG-13,Comedy,2018,35000.0
american animals,https://www.youtube.com/watch?v=tmJYELj-jNE,tmJYELj-jNE,119,77,54,0.6878612716763006,R,Biography,2018,41000.0
the house with a clock in its walls,https://www.youtube.com/watch?v=oQGA42-U0Ro,oQGA42-U0Ro,110,90,51,0.6832298136645962,PG,Comedy,2018,48000.0
brian banks,https://www.youtube.com/watch?v=k9-PqY5pEeo,k9-PqY5pEeo,86,60,104,0.4526315789473684,PG-13,Biography,2018,5400.0
gotti,https://www.youtube.com/watch?v=D_nv-5xCp50,D_nv-5xCp50,98,98,54,0.6447368421052632,R,Biography,2018,14000.0
destroyer,https://www.youtube.com/watch?v=bqHaLUoiWZU,bqHaLUoiWZU,111,90,49,0.69375,R,Action,2018,27000.0
we have always lived in the castle,https://www.youtube.com/watch?v=NQg-nUoMCBo,NQg-nUoMCBo,55,44,25,0.6875,Not Rated,Drama,2018,6100.0
the miseducation of cameron post,https://www.youtube.com/watch?v=toXBb638n2Y,toXBb638n2Y,111,89,50,0.6894409937888198,Not Rated,Drama,2018,20000.0
insidious the last key,https://www.youtube.com/watch?v=acQyrwQyCOk,acQyrwQyCOk,82,103,65,0.5578231292517006,PG-13,Horror,2018,55000.0
mary magdalene,https://www.youtube.com/watch?v=d385fB-94aU,d385fB-94aU,110,93,47,0.7006369426751592,R,Biography,2018,9300.0
dont worry he wont get far on foot,https://www.youtube.com/watch?v=2BwxeOzSx8A,2BwxeOzSx8A,93,79,34,0.7322834645669292,R,Biography,2018,24000.0
can you ever forgive me,https://www.youtube.com/watch?v=UvJIaNsf_bY,UvJIaNsf_bY,159,61,30,0.8412698412698413,R,Biography,2018,49000.0
unsane,https://www.youtube.com/watch?v=u7KZrt_cHH0,u7KZrt_cHH0,88,95,67,0.567741935483871,R,Drama,2018,42000.0
boy erased,https://www.youtube.com/watch?v=-B71eyB_Onw,-B71eyB_Onw,123,48,80,0.6059113300492611,R,Biography,2018,35000.0
johnny english strikes again,https://www.youtube.com/watch?v=-Qv6p6pTz5I,-Qv6p6pTz5I,113,92,45,0.7151898734177216,PG,Action,2018,67000.0
skyscraper,https://www.youtube.com/watch?v=t9QePUT-Yt8,t9QePUT-Yt8,107,92,51,0.6772151898734177,PG-13,Action,2018,111000.0
wildlife,https://www.youtube.com/watch?v=OoJpVQTY_t4,OoJpVQTY_t4,115,82,53,0.6845238095238095,PG-13,Drama,2018,26000.0
the old man the gun,https://www.youtube.com/watch?v=d7rlUe-Thvk,d7rlUe-Thvk,135,76,39,0.7758620689655172,PG-13,Biography,2018,42000.0
forever my girl,https://www.youtube.com/watch?v=5iEOQn8UUHI,5iEOQn8UUHI,141,92,18,0.8867924528301887,PG,Comedy,2018,16000.0
on the basis of sex,https://www.youtube.com/watch?v=28dHbIR_NB4,28dHbIR_NB4,113,80,58,0.6608187134502924,PG-13,Biography,2018,31000.0
i want to eat your pancreas,https://www.youtube.com/watch?v=MmoBvmJA9XI,MmoBvmJA9XI,98,73,79,0.5536723163841808,Not Rated,Animation,2018,11000.0
the man who killed don quixote,https://www.youtube.com/watch?v=yiiRZJUTT2k,yiiRZJUTT2k,98,101,51,0.6577181208053692,Not Rated,Adventure,2018,17000.0
the catcher was a spy,https://www.youtube.com/watch?v=W0XTxOs-_Os,W0XTxOs-_Os,40,30,15,0.7272727272727273,R,Biography,2018,8500.0
welcome to marwen,https://www.youtube.com/watch?v=W6dy7xQ8NeE,W6dy7xQ8NeE,112,71,67,0.6256983240223464,PG-13,Biography,2018,21000.0
bad samaritan,https://www.youtube.com/watch?v=2ZiNWzqll04,2ZiNWzqll04,74,33,31,0.7047619047619048,R,Crime,2018,21000.0
border,https://www.youtube.com/watch?v=QMs28A1s1OA,QMs28A1s1OA,101,113,36,0.7372262773722628,R,Crime,2018,26000.0
gringo,https://www.youtube.com/watch?v=MnKbM9Zxtn8,MnKbM9Zxtn8,65,65,38,0.6310679611650486,R,Action,2018,28000.0
assassination nation,https://www.youtube.com/watch?v=d9qyOGEuLY4,d9qyOGEuLY4,125,71,54,0.6983240223463687,R,Action,2018,17000.0
unfriended dark web,https://www.youtube.com/watch?v=XenTM_C9fxM,XenTM_C9fxM,66,114,70,0.4852941176470588,R,Horror,2018,29000.0
the nutcracker and the four realms,https://www.youtube.com/watch?v=BXfxLIuNJvw,BXfxLIuNJvw,118,87,45,0.7239263803680982,PG,Adventure,2018,30000.0
little italy,https://www.youtube.com/watch?v=I-DMrk3hqEE,I-DMrk3hqEE,62,85,41,0.6019417475728155,R,Comedy,2018,13000.0
the happytime murders,https://www.youtube.com/watch?v=-eks8LG72uo,-eks8LG72uo,98,98,54,0.6447368421052632,R,Action,2018,26000.0
